Index_ROI,group,class,image,Text
,Coccolithophore,Acanthoica quattrospina,https://ifcb-data.whoi.edu/mvco/IFCB5_2017_214_191404_10381.png,
,Coccolithophore,Acanthoica quattrospina,https://ifcb-data.whoi.edu/mvco/IFCB5_2017_214_191404_01706.png,
1,Coccolithophore,Acanthoica quattrospina,https://ifcb-data.whoi.edu/mvco/IFCB5_2017_319_174459_01683.png,
,Dinoflagellates,Akashiwo,https://ifcb-data.whoi.edu/mvco/IFCB5_2012_219_152756_02433.png,
,Dinoflagellates,Akashiwo,https://ifcb-data.whoi.edu/mvco/IFCB1_2012_263_165339_02083.png,
,Dinoflagellates,Akashiwo,https://ifcb-data.whoi.edu/mvco/IFCB1_2012_276_052433_00911.png,
,Dinoflagellates,Akashiwo,https://ifcb-data.whoi.edu/mvco/IFCB1_2012_276_050117_00237.png,
1,Dinoflagellates,Akashiwo,https://ifcb-data.whoi.edu/mvco/IFCB1_2012_276_032830_01361.png,
1,Dinoflagellates,Alexandrium catenella                      ,https://ifcb-data.whoi.edu/mvco/IFCB5_2012_066_155217_02124.png,
1,Flagellates,amoeba,https://ifcb-data.whoi.edu/mvco/IFCB1_2013_302_163814_00313.png,
,Flagellates,amoeba,https://ifcb-data.whoi.edu/mvco/IFCB5_2013_087_081527_01467.png,
,Flagellates,amoeba,https://ifcb-data.whoi.edu/mvco/IFCB5_2013_167_155128_00034.png,
,Flagellates,amoeba,https://ifcb-data.whoi.edu/mvco/IFCB5_2011_360_195114_01349.png,
,Flagellates,amoeba,https://ifcb-data.whoi.edu/mvco/IFCB1_2012_277_071242_05247.png,
1,Dinoflagellates,Amphidinium,https://ifcb-data.whoi.edu/mvco/IFCB5_2012_066_183442_00819.png,
,Dinoflagellates,Amphidinium,https://ifcb-data.whoi.edu/mvco/IFCB5_2012_083_175448_00087.png,
,Dinoflagellates,Amphidinium,https://ifcb-data.whoi.edu/mvco/IFCB5_2013_184_213410_04458.png,
1,Dinoflagellates,Amylax                                     ,https://ifcb-data.whoi.edu/mvco/IFCB5_2011_045_181403_02682.png,
1,Flagellates,Apedinella,https://ifcb-data.whoi.edu/mvco/IFCB1_2009_158_002209_01049.png,
,Flagellates,Apedinella,https://ifcb-data.whoi.edu/mvco/IFCB1_2009_158_180517_00597.png,
,Flagellates,Apedinella,https://ifcb-data.whoi.edu/mvco/IFCB5_2017_036_121145_03566.png,
,Flagellates,Apedinella,https://ifcb-data.whoi.edu/mvco/IFCB5_2017_015_085858_06841.png,
1,Diatoms,Asterionellopsis glacialis,https://ifcb-data.whoi.edu/mvco/IFCB5_2012_229_100026_07452.png,
,Diatoms,Asterionellopsis glacialis,https://ifcb-data.whoi.edu/mvco/IFCB5_2012_215_162640_01919.png,
,Diatoms,Asterionellopsis glacialis,https://ifcb-data.whoi.edu/mvco/IFCB1_2007_365_162513_01636.png,
,Diatoms,Asterionellopsis glacialis,https://ifcb-data.whoi.edu/mvco/IFCB1_2008_001_004404_01028.png,
,Diatoms,Asterionellopsis glacialis,https://ifcb-data.whoi.edu/mvco/D20170525T115942_IFCB010_00512.png,
1,Dinoflagellates,Asterodinium,https://ifcb-data.whoi.edu/SPIROPA/D20190706T163053_IFCB129_02423.png,
,Dinoflagellates,Asterodinium,https://ifcb-data.whoi.edu/SPIROPA/D20190706T205816_IFCB109_00300.png,
,Dinoflagellates,Asterodinium,https://ifcb-data.whoi.edu/SPIROPA/D20190706T205816_IFCB109_00723.png,
,Dinoflagellates,Asterodinium,https://ifcb-data.whoi.edu/SPIROPA/D20190716T210120_IFCB129_02853.png,
1,Diatoms,Asteromphalus                              ,https://ifcb-data.whoi.edu/SIO_Delmar_mooring/D20200630T030546_IFCB115_01844.png,
,Diatoms,Asteromphalus                              ,https://ifcb-data.whoi.edu/EXPORTS/D20180903T090049_IFCB125_01246.png,
,Diatoms,Asteromphalus                              ,https://ifcb-data.whoi.edu/SIO_Delmar_mooring/D20200504T170610_IFCB115_03427.png,
,Diatoms,Bacillaria,https://ifcb-data.whoi.edu/mvco/IFCB5_2010_271_040557_03427.png,
1,Diatoms,Bacillaria,https://ifcb-data.whoi.edu/mvco/IFCB1_2012_269_082508_00984.png,
,Diatoms,Bacillaria,https://ifcb-data.whoi.edu/mvco/IFCB5_2010_259_184200_01950.png,
,Diatoms,Bacillaria,https://ifcb-data.whoi.edu/mvco/IFCB5_2010_271_040557_00845.png,
,Diatoms,Bacillaria,https://ifcb-data.whoi.edu/mvco/IFCB1_2010_285_013211_02216.png,
,Diatoms,Bacillariophyceae                          ,,"Diatom fragments, or cells that are diatoms but lack distinguishing features to place them in a specific class"
1,Diatoms,Bacteriastrum                              ,https://ifcb-data.whoi.edu/mvco/IFCB5_2013_263_230142_00224.png,
1,Miscellaneous,bad,https://ifcb-data.whoi.edu/mvco/IFCB1_2010_208_231035_00141.png,
,Miscellaneous,bad,https://ifcb-data.whoi.edu/mvco/IFCB1_2012_282_205545_00044.png,
,Miscellaneous,bad,https://ifcb-data.whoi.edu/mvco/IFCB1_2012_282_203258_00027.png,
1,Ciliates,Balanion                                   ,https://ifcb-data.whoi.edu/NESLTER_broadscale/D20130830T203922_IFCB014_01195.png,
,Ciliates,Balanion                                   ,https://ifcb-data.whoi.edu/mvco/D20170530T193112_IFCB010_01250.png,
,Ciliates,Balanion                                   ,https://ifcb-data.whoi.edu/mvco/IFCB1_2009_362_032219_01071.png,
1,Miscellaneous,bead,https://ifcb-data.whoi.edu/mvco/IFCB5_2014_057_190635_05674.png,
,Miscellaneous,bead,https://ifcb-data.whoi.edu/mvco/IFCB1_2006_270_172914_02485.png,
1,Diatoms,Bidulphia,https://ifcb-data.whoi.edu/mvco/IFCB5_2012_218_140300_04067.png,
,Diatoms,Bidulphia,https://ifcb-data.whoi.edu/mvco/IFCB1_2009_345_190652_02277.png,
,Diatoms,Bidulphia,https://ifcb-data.whoi.edu/mvco/IFCB1_2009_345_184324_00419.png,
,Diatoms,Bidulphia,https://ifcb-data.whoi.edu/mvco/IFCB1_2008_319_000728_01186.png,
,Diatoms,Bidulphia,https://ifcb-data.whoi.edu/mvco/IFCB1_2009_288_130947_00590.png,
,Diatoms,Bidulphia,https://ifcb-data.whoi.edu/mvco/IFCB1_2009_292_003918_05354.png,
,Diatoms,Bidulphia,https://ifcb-data.whoi.edu/mvco/IFCB1_2011_270_185023_03876.png,
,Diatoms,Bidulphia,https://ifcb-data.whoi.edu/mvco/IFCB1_2012_283_044007_00054.png,
1,Miscellaneous,bubble,https://ifcb-data.whoi.edu/mvco/IFCB1_2008_123_165550_00004.png,
,Miscellaneous,bubble,https://ifcb-data.whoi.edu/mvco/IFCB1_2010_132_185641_00050.png,
1,Coccolithophore,Calciopappus,https://ifcb-data.whoi.edu/mvco/IFCB1_2009_262_003744_06032.png,
,Coccolithophore,Calciopappus,https://ifcb-data.whoi.edu/mvco/IFCB1_2007_283_002541_01798.png,
,Coccolithophore,Calciopappus,https://ifcb-data.whoi.edu/mvco/IFCB1_2014_270_215153_00356.png,
1,Coccolithophore,Calciosolenia brasiliensis                 ,https://ifcb-data.whoi.edu/NESLTER_transect/D20180203T122713_IFCB102_00899.png,
,Coccolithophore,Calciosolenia brasiliensis                 ,https://ifcb-data.whoi.edu/NESLTER_transect/D20180203T122713_IFCB102_00079.png,
,Diatoms,Cerataulina pelagica,https://ifcb-data.whoi.edu/mvco/IFCB5_2015_042_054946_00650.png,
1,Diatoms,Cerataulina pelagica,https://ifcb-data.whoi.edu/mvco/IFCB5_2015_015_055550_00330.png,
,Diatoms,Cerataulina pelagica,https://ifcb-data.whoi.edu/mvco/IFCB5_2015_042_054946_01908.png,
,Diatoms,Cerataulina pelagica,https://ifcb-data.whoi.edu/mvco/IFCB5_2012_201_185113_07469.png,
,Dinoflagellates,Ceratium,https://ifcb-data.whoi.edu/mvco/IFCB5_2015_318_235245_05693.png,
,Dinoflagellates,Ceratium,https://ifcb-data.whoi.edu/mvco/IFCB5_2012_087_173930_02369.png,
,Dinoflagellates,Ceratium,https://ifcb-data.whoi.edu/mvco/IFCB5_2012_107_150834_03744.png,
,Dinoflagellates,Ceratium,https://ifcb-data.whoi.edu/mvco/IFCB5_2012_090_161450_01299.png,
,Dinoflagellates,Ceratium,https://ifcb-data.whoi.edu/mvco/IFCB5_2012_090_161450_02611.png,
,Dinoflagellates,Ceratium,https://ifcb-data.whoi.edu/mvco/IFCB5_2012_062_015917_02950.png,
,Dinoflagellates,Ceratium,https://ifcb-data.whoi.edu/mvco/IFCB1_2010_134_225823_00653.png,
,Dinoflagellates,Ceratium,https://ifcb-data.whoi.edu/mvco/IFCB5_2012_046_071846_01266.png,
,Dinoflagellates,Ceratium,https://ifcb-data.whoi.edu/mvco/IFCB1_2010_134_225823_03134.png,
1,Dinoflagellates,Ceratium,https://ifcb-data.whoi.edu/mvco/IFCB5_2012_045_020117_00555.png,
,Dinoflagellates,Ceratium,https://ifcb-data.whoi.edu/mvco/IFCB5_2012_048_112308_01561.png,
,Dinoflagellates,Ceratium,https://ifcb-data.whoi.edu/mvco/IFCB1_2011_244_185834_02339.png,
,Dinoflagellates,Ceratium,https://ifcb-data.whoi.edu/mvco/IFCB5_2012_093_152549_01019.png,
,Dinoflagellates,Ceratium,https://ifcb-data.whoi.edu/mvco/IFCB1_2012_115_163148_07265.png,
,Dinoflagellates,Ceratium,https://ifcb-data.whoi.edu/mvco/IFCB1_2012_111_194139_00285.png,
1,Dinoflagellates,Ceratium furca,https://ifcb-data.whoi.edu/mvco/D20181008T220407_IFCB109_00849.png,
,Dinoflagellates,Ceratium furca,https://ifcb-data.whoi.edu/mvco/IFCB5_2013_127_200102_03377.png,
,Dinoflagellates,Ceratium furca,https://ifcb-data.whoi.edu/mvco/IFCB5_2016_195_034827_06084.png,
,Dinoflagellates,Ceratium furca,https://ifcb-data.whoi.edu/mvco/IFCB5_2016_180_170335_05681.png,
1,Dinoflagellates,Ceratium fusus,https://ifcb-data.whoi.edu/mvco/IFCB5_2016_167_185728_06317.png,
,Dinoflagellates,Ceratium fusus,https://ifcb-data.whoi.edu/mvco/IFCB1_2011_284_212925_04183.png,
,Dinoflagellates,Ceratium fusus,https://ifcb-data.whoi.edu/mvco/IFCB5_2015_092_175424_00675.png,
,Dinoflagellates,Ceratium fusus,https://ifcb-data.whoi.edu/mvco/IFCB1_2016_077_163043_01505.png,
,Dinoflagellates,Ceratium fusus,https://ifcb-data.whoi.edu/mvco/IFCB1_2012_362_131522_00462.png,
,Dinoflagellates,Ceratium lineatum,https://ifcb-data.whoi.edu/mvco/IFCB1_2008_225_183029_00751.png,
,Dinoflagellates,Ceratium lineatum,https://ifcb-data.whoi.edu/mvco/IFCB1_2007_315_170407_01714.png,
1,Dinoflagellates,Ceratium lineatum,https://ifcb-data.whoi.edu/mvco/D20180905T104808_IFCB010_00221.png,
,Dinoflagellates,Ceratium lineatum,https://ifcb-data.whoi.edu/mvco/IFCB5_2012_073_222121_04196.png,
,Diatoms,Chaetoceros,https://ifcb-data.whoi.edu/mvco/IFCB5_2012_214_202628_00107.png,
,Diatoms,Chaetoceros,https://ifcb-data.whoi.edu/mvco/IFCB1_2011_244_213459_00163.png,
,Diatoms,Chaetoceros,https://ifcb-data.whoi.edu/mvco/IFCB5_2012_039_204218_00918.png,
1,Diatoms,Chaetoceros,https://ifcb-data.whoi.edu/mvco/IFCB1_2012_276_015541_01747.png,
,Diatoms,Chaetoceros,https://ifcb-data.whoi.edu/mvco/IFCB1_2012_289_084408_00787.png,
,Diatoms,Chaetoceros concavicornis                  ,,
1,Diatoms,Chaetoceros curvusetus                     ,https://ifcb-data.whoi.edu/mvco/D20181031T203656_IFCB010_01367.png,
,Diatoms,Chaetoceros danicus,https://ifcb-data.whoi.edu/mvco/IFCB5_2012_038_054316_01323.png,
1,Diatoms,Chaetoceros danicus,https://ifcb-data.whoi.edu/mvco/IFCB5_2012_076_132005_00400.png,
1,Diatoms,Chaetoceros debilis,https://ifcb-data.whoi.edu/mvco/IFCB5_2011_016_045749_00051.png,
,Diatoms,Chaetoceros debilis,https://ifcb-data.whoi.edu/mvco/IFCB1_2010_012_190006_00697.png,
,Diatoms,Chaetoceros didymus,https://ifcb-data.whoi.edu/mvco/IFCB1_2009_146_182634_00609.png,
1,Diatoms,Chaetoceros didymus,https://ifcb-data.whoi.edu/mvco/IFCB5_2012_214_211255_01092.png,
,Diatoms,Chaetoceros didymus,https://ifcb-data.whoi.edu/mvco/IFCB1_2012_269_010417_00565.png,
,Diatoms,Chaetoceros didymus,https://ifcb-data.whoi.edu/mvco/IFCB5_2011_167_022908_03617.png,
,Plankton interactions,Chaetoceros didymus flagellate,https://ifcb-data.whoi.edu/mvco/IFCB1_2012_258_183733_00436.png,
1,Plankton interactions,Chaetoceros didymus flagellate,https://ifcb-data.whoi.edu/mvco/IFCB5_2010_268_044926_02920.png,
,Plankton interactions,Chaetoceros flagellate,https://ifcb-data.whoi.edu/mvco/IFCB1_2006_237_010606_00373.png,
1,Plankton interactions,Chaetoceros flagellate,https://ifcb-data.whoi.edu/mvco/IFCB1_2010_012_192259_01419.png,
1,Diatoms,Chaetoceros lorenzianus,http://phyto-optics.gso.uri.edu:8888/GSODock/D20180917T074723_IFCB120_04973.png,
,Diatoms,Chaetoceros lorenzianus,http://phyto-optics.gso.uri.edu:8888/GSODock/D20180917T072256_IFCB120_06640.png,
,Diatoms,Chaetoceros lorenzianus,http://phyto-optics.gso.uri.edu:8888/GSODock/D20180917T074723_IFCB120_05373.png,
,Diatoms,Chaetoceros peruvianis,https://ifcb-data.whoi.edu/mvco/IFCB5_2010_239_191708_03738.png,
1,Diatoms,Chaetoceros similis                        ,https://ifcb-data.whoi.edu/mvco/IFCB5_2011_039_030924_01352.png,
1,Diatoms,Chaetoceros socialis,https://ifcb-data.whoi.edu/mvco/IFCB5_2012_100_153012_00085.png,
,Diatoms,Chaetoceros subtilis,https://ifcb-data.whoi.edu/mvco/IFCB1_2010_012_190006_02753.png,
1,Diatoms,Chaetoceros subtilis,https://ifcb-data.whoi.edu/mvco/IFCB1_2010_012_194611_02432.png,
,Diatoms,Chaetoceros subtilis,https://ifcb-data.whoi.edu/mvco/IFCB1_2008_114_171015_01181.png,
,Plankton interactions,Chaetoceros other,https://ifcb-data.whoi.edu/mvco/IFCB1_2007_361_001447_00887.png,
,Plankton interactions,Chaetoceros other,https://ifcb-data.whoi.edu/mvco/IFCB5_2012_219_205311_00436.png,
,Plankton interactions,Chaetoceros other,https://ifcb-data.whoi.edu/mvco/IFCB1_2008_235_205819_01253.png,
,Plankton interactions,Chaetoceros other,https://ifcb-data.whoi.edu/mvco/IFCB5_2011_318_030612_01794.png,
1,Plankton interactions,Chaetoceros pennate,https://ifcb-data.whoi.edu/mvco/IFCB1_2010_078_185738_02724.png,
,Plankton interactions,Chaetoceros pennate,https://ifcb-data.whoi.edu/mvco/IFCB5_2010_239_185422_01115.png,
,Plankton interactions,Chaetoceros pennate,https://ifcb-data.whoi.edu/mvco/IFCB5_2012_233_154446_06950.png,
1,Dinoflagellates,Prorocentrum morphotype 1,https://ifcb-data.whoi.edu/SPIROPA/D20190706T013729_IFCB129_00109.png,
,Dinoflagellates,Prorocentrum morphotype 1,https://ifcb-data.whoi.edu/SPIROPA/D20190706T013729_IFCB129_03095.png,
,Dinoflagellates,Prorocentrum morphotype 1,https://ifcb-data.whoi.edu/SPIROPA/D20190706T013729_IFCB129_03945.png,
,Dinoflagellates,Prorocentrum morphotype 1,https://ifcb-data.whoi.edu/SPIROPA/D20190706T091531_IFCB129_00431.png,
,Flagellates,Chrysochromulina,https://ifcb-data.whoi.edu/mvco/IFCB1_2006_270_172914_00828.png,
1,Flagellates,Chrysochromulina,https://ifcb-data.whoi.edu/mvco/IFCB1_2007_183_000344_00525.png,
,Flagellates,Chrysochromulina,https://ifcb-data.whoi.edu/mvco/IFCB5_2013_213_164516_00230.png,
,Flagellates,Chrysochromulina lanceolata,https://ifcb-data.whoi.edu/mvco/IFCB1_2006_271_184219_00142.png,
1,Flagellates,Chrysochromulina lanceolata,https://ifcb-data.whoi.edu/mvco/IFCB1_2011_255_203841_00859.png,
,Flagellates,Chrysochromulina lanceolata,https://ifcb-data.whoi.edu/mvco/IFCB5_2012_242_010357_01386.png,
1,Ciliates,Ciliate mix,https://ifcb-data.whoi.edu/mvco/IFCB1_2009_087_225312_00995.png,
,Ciliates,Ciliate mix,https://ifcb-data.whoi.edu/mvco/IFCB1_2006_165_164920_00016.png,
,Ciliates,Ciliate mix,https://ifcb-data.whoi.edu/mvco/IFCB1_2006_240_195802_00418.png,
,Ciliates,Ciliate mix,https://ifcb-data.whoi.edu/mvco/IFCB5_2011_167_022908_04953.png,
,Plankton interactions,Ciliates feeding,https://ifcb-data.whoi.edu/mvco/IFCB1_2013_045_232353_00246.png,
,Plankton interactions,Ciliates feeding,https://ifcb-data.whoi.edu/mvco/IFCB1_2013_045_223733_00316.png,
,Plankton interactions,Ciliates feeding,https://ifcb-data.whoi.edu/mvco/IFCB1_2012_299_141722_01059.png,
,Plankton interactions,Ciliates feeding,https://ifcb-data.whoi.edu/mvco/IFCB1_2012_292_190655_02731.png,
,Plankton interactions,Ciliates feeding,https://ifcb-data.whoi.edu/mvco/IFCB1_2012_285_100650_00158.png,
,Plankton interactions,Ciliates feeding,https://ifcb-data.whoi.edu/mvco/IFCB1_2009_067_183223_01305.png,
,Plankton interactions,Ciliates feeding,https://ifcb-data.whoi.edu/mvco/IFCB5_2011_167_022908_01115.png,
,Plankton interactions,Ciliates feeding,https://ifcb-data.whoi.edu/mvco/IFCB1_2007_060_235026_00195.png,
,Plankton interactions,Ciliates feeding,https://ifcb-data.whoi.edu/mvco/IFCB1_2007_057_190713_00082.png,
1,Plankton interactions,Ciliates feeding,https://ifcb-data.whoi.edu/mvco/IFCB1_2007_052_150855_00030.png,
,Coccolithophore,coccolithophorid,https://ifcb-data.whoi.edu/EXPORTS/D20180818T000234_IFCB125_02373.png,
,Coccolithophore,coccolithophorid,https://ifcb-data.whoi.edu/EXPORTS/D20180818T050728_IFCB125_01548.png,
,Coccolithophore,coccolithophorid,https://ifcb-data.whoi.edu/EXPORTS/D20180818T050728_IFCB125_00232.png,
1,Coccolithophore,coccolithophorid,https://ifcb-data.whoi.edu/EXPORTS/D20180814T040542_IFCB125_01780.png,
1,Miscellaneous,colony,https://ifcb-data.whoi.edu/EXPORTS/D20180818T182207_IFCB125_01574.png,
,Miscellaneous,colony,https://ifcb-data.whoi.edu/EXPORTS/D20180818T182207_IFCB125_06330.png,
,Miscellaneous,colony,https://ifcb-data.whoi.edu/EXPORTS/D20180817T124458_IFCB125_02300.png,
,Miscellaneous,colony,https://ifcb-data.whoi.edu/EXPORTS/D20180825T234943_IFCB107_01350.png,
1,Diatoms,Corethron hystrix,https://ifcb-data.whoi.edu/mvco/IFCB5_2012_038_080229_03192.png,
,Diatoms,Corethron hystrix,https://ifcb-data.whoi.edu/mvco/IFCB5_2011_001_165030_05039.png,
,Diatoms,Corethron hystrix,https://ifcb-data.whoi.edu/mvco/IFCB1_2010_001_221003_00846.png,
1,Flagellates,Corymbellus                                ,https://ifcb-data.whoi.edu/mvco/IFCB1_2009_315_174508_02007.png,
,Flagellates,Corymbellus                                ,https://ifcb-data.whoi.edu/mvco/IFCB1_2006_285_190640_02382.png,
,Flagellates,Corymbellus                                ,https://ifcb-data.whoi.edu/mvco/IFCB1_2010_306_194946_08341.png,
,Flagellates,Corymbellus                                ,https://ifcb-data.whoi.edu/mvco/IFCB1_2010_306_201258_02905.png,
,Flagellates,Corymbellus                                ,https://ifcb-data.whoi.edu/mvco/IFCB1_2012_279_213439_00214.png,
,Flagellates,Corymbellus                                ,https://ifcb-data.whoi.edu/EXPORTS/D20180814T221437_IFCB125_00290.png,
,Diatoms,Coscinodiscus,https://ifcb-data.whoi.edu/mvco/IFCB1_2006_275_215903_02949.png,
,Diatoms,Coscinodiscus,https://ifcb-data.whoi.edu/mvco/IFCB1_2009_287_210109_08309.png,
,Diatoms,Coscinodiscus,https://ifcb-data.whoi.edu/mvco/IFCB5_2016_239_081749_07248.png,
1,Diatoms,Coscinodiscus,https://ifcb-data.whoi.edu/mvco/IFCB5_2012_039_040304_02082.png,
,Diatoms,Coscinodiscus,https://ifcb-data.whoi.edu/mvco/IFCB5_2013_261_151242_04177.png,
,Miscellaneous,cresent,https://ifcb-data.whoi.edu/EXPORTS/D20180902T221218_IFCB125_00663.png,
,Miscellaneous,cresent,https://ifcb-data.whoi.edu/EXPORTS/D20180902T040138_IFCB125_00207.png,
,Miscellaneous,cresent,https://ifcb-data.whoi.edu/EXPORTS/D20180815T162424_IFCB125_01074.png,
1,Miscellaneous,cresent,https://ifcb-data.whoi.edu/EXPORTS/D20180814T040542_IFCB125_06455.png,
1,Flagellates,crypto,https://ifcb-data.whoi.edu/mvco/IFCB5_2015_084_120405_00087.png,
,Flagellates,crypto,https://ifcb-data.whoi.edu/mvco/IFCB5_2015_084_120405_00963.png,
,Flagellates,crypto,https://ifcb-data.whoi.edu/mvco/IFCB1_2006_307_215834_00086.png,
1,Diatoms,Cylindrotheca,https://ifcb-data.whoi.edu/mvco/IFCB5_2012_009_212600_03474.png,
,Diatoms,Cylindrotheca,https://ifcb-data.whoi.edu/mvco/IFCB1_2009_195_212603_04807.png,
,Diatoms,Cylindrotheca,https://ifcb-data.whoi.edu/mvco/IFCB5_2012_009_212600_01173.png,
,Diatoms,Cylindrotheca,https://ifcb-data.whoi.edu/mvco/IFCB5_2012_232_231225_00726.png,
,Diatoms,Dactyliosolen blavyanus,https://ifcb-data.whoi.edu/mvco/IFCB1_2011_270_191038_04254.png,
1,Diatoms,Dactyliosolen blavyanus,https://ifcb-data.whoi.edu/mvco/IFCB1_2012_264_023346_00566.png,
,Diatoms,Dactyliosolen fragilissimus,https://ifcb-data.whoi.edu/mvco/IFCB1_2007_024_215846_01649.png,
,Diatoms,Dactyliosolen fragilissimus,https://ifcb-data.whoi.edu/mvco/IFCB5_2013_235_180640_06052.png,
,Diatoms,Dactyliosolen fragilissimus,https://ifcb-data.whoi.edu/mvco/IFCB5_2011_326_173024_01015.png,
,Diatoms,Dactyliosolen fragilissimus,https://ifcb-data.whoi.edu/mvco/IFCB5_2010_360_192539_03666.png,
1,Diatoms,Dactyliosolen fragilissimus,https://ifcb-data.whoi.edu/mvco/IFCB5_2011_152_143420_00371.png,
,Diatoms,Dactyliosolen fragilissimus,https://ifcb-data.whoi.edu/mvco/IFCB1_2007_092_114113_00964.png,
,Diatoms,Delphineis,https://ifcb-data.whoi.edu/mvco/IFCB1_2009_315_172152_3197.png,
,Diatoms,Delphineis,https://ifcb-data.whoi.edu/mvco/IFCB5_2011_096_091011_02042.png,
,Diatoms,Delphineis,https://ifcb-data.whoi.edu/mvco/IFCB5_2011_361_063456_00891.png,
,Diatoms,Delphineis,https://ifcb-data.whoi.edu/mvco/IFCB5_2011_361_063456_00956.png,
,Diatoms,Delphineis,https://ifcb-data.whoi.edu/mvco/IFCB5_2011_361_063456_06751.png,
,Diatoms,Delphineis,https://ifcb-data.whoi.edu/mvco/IFCB1_2011_279_221512_00676.png,
,Diatoms,Delphineis,https://ifcb-data.whoi.edu/mvco/IFCB5_2011_326_161051_01585.png,
,Diatoms,Delphineis,https://ifcb-data.whoi.edu/mvco/IFCB5_2011_326_162047_01420.png,
,Diatoms,Delphineis,https://ifcb-data.whoi.edu/mvco/IFCB5_2011_326_164359_01590.png,
,Diatoms,Delphineis,https://ifcb-data.whoi.edu/mvco/IFCB5_2011_326_170712_01314.png,
,Diatoms,Delphineis,https://ifcb-data.whoi.edu/mvco/IFCB5_2011_326_173024_00234.png,
,Diatoms,Delphineis,https://ifcb-data.whoi.edu/mvco/IFCB5_2011_326_175336_03387.png,
,Diatoms,Delphineis,https://ifcb-data.whoi.edu/mvco/IFCB5_2011_326_181649_02327.png,
,Diatoms,Delphineis,https://ifcb-data.whoi.edu/mvco/IFCB5_2011_326_184000_02710.png,
,Diatoms,Delphineis,https://ifcb-data.whoi.edu/mvco/IFCB5_2011_326_190312_02802.png,
,Diatoms,Delphineis,https://ifcb-data.whoi.edu/mvco/IFCB5_2011_326_201250_06889.png,
,Diatoms,Delphineis,https://ifcb-data.whoi.edu/mvco/IFCB5_2011_326_175336_06963.png,
1,Diatoms,Delphineis,https://ifcb-data.whoi.edu/mvco/IFCB5_2011_326_162047_05530.png,
1,Miscellaneous,detritus,https://ifcb-data.whoi.edu/mvco/IFCB1_2006_361_000315_00003.png,
,Miscellaneous,detritus,https://ifcb-data.whoi.edu/mvco/IFCB1_2007_010_012232_00058.png,
,Miscellaneous,detritus,https://ifcb-data.whoi.edu/mvco/IFCB1_2007_058_032122_00059.png,
,Miscellaneous,detritus,https://ifcb-data.whoi.edu/mvco/IFCB1_2014_176_153037_00016.png,
1,Miscellaneous,detritus clear,https://ifcb-data.whoi.edu/SPIROPA/D20190706T013729_IFCB129_00554.png,
,Miscellaneous,detritus clear,https://ifcb-data.whoi.edu/SPIROPA/D20190706T011416_IFCB109_01967.png,
,Miscellaneous,detritus clear,https://ifcb-data.whoi.edu/SPIROPA/D20190706T020720_IFCB129_04804.png,
,Miscellaneous,detritus clear,https://ifcb-data.whoi.edu/SPIROPA/D20190706T025713_IFCB129_00494.png,
,Plankton interactions,Diatoms with Attheya,https://ifcb-data.whoi.edu/mvco/IFCB5_2015_050_122030_02237.png,
,Plankton interactions,Diatoms with Attheya,https://ifcb-data.whoi.edu/mvco/IFCB5_2015_050_115717_00052.png,
,Plankton interactions,Diatoms with Attheya,https://ifcb-data.whoi.edu/mvco/IFCB5_2015_050_183749_03440.png,
,Plankton interactions,diatoms with flagellates,https://ifcb-data.whoi.edu/mvco/IFCB1_2008_236_000420_00750.png,
1,Plankton interactions,diatoms with flagellates,https://ifcb-data.whoi.edu/mvco/IFCB1_2012_266_095649_03125.png,
,Plankton interactions,diatoms with flagellates,https://ifcb-data.whoi.edu/mvco/IFCB1_2008_218_001524_04127.png,
,Plankton interactions,diatoms with flagellates,https://ifcb-data.whoi.edu/mvco/IFCB1_2009_247_162615_05901.png,
,Plankton interactions,diatoms with flagellates,https://ifcb-data.whoi.edu/mvco/IFCB1_2009_292_001605_03698.png,
,Plankton interactions,diatoms with flagellates,https://ifcb-data.whoi.edu/mvco/IFCB5_2013_325_230315_01350.png,
,Plankton interactions,diatoms with flagellates,https://ifcb-data.whoi.edu/mvco/IFCB1_2012_258_172757_00632.png,
,Plankton interactions,diatoms with flagellates,https://ifcb-data.whoi.edu/mvco/IFCB1_2008_235_205819_00917.png,
,Plankton interactions,diatoms with flagellates,https://ifcb-data.whoi.edu/mvco/IFCB1_2012_313_101959_00992.png,
,Plankton interactions,diatoms with flagellates,https://ifcb-data.whoi.edu/mvco/IFCB1_2012_284_054216_00074.png,
,Plankton interactions,diatoms with flagellates,https://ifcb-data.whoi.edu/mvco/IFCB1_2008_235_205819_00735.png,
,Plankton interactions,diatoms with flagellates,https://ifcb-data.whoi.edu/mvco/IFCB1_2008_235_201211_01262.png,
,Plankton interactions,diatoms with flagellates,https://ifcb-data.whoi.edu/mvco/IFCB5_2013_182_162253_04743.png,
,Plankton interactions,diatoms with flagellates,https://ifcb-data.whoi.edu/mvco/IFCB1_2009_294_151853_05937.png,
,Plankton interactions,diatoms with flagellates,https://ifcb-data.whoi.edu/mvco/IFCB1_2009_155_160457_05389.png,
,Plankton interactions,diatoms with flagellates,https://ifcb-data.whoi.edu/mvco/IFCB1_2008_349_180348_01337.png,
,Plankton interactions,diatoms with flagellates,https://ifcb-data.whoi.edu/mvco/IFCB1_2008_213_194911_05266.png,
,Plankton interactions,diatoms with flagellates,https://ifcb-data.whoi.edu/mvco/IFCB1_2008_199_143321_02873.png,
,Plankton interactions,diatoms with flagellates,https://ifcb-data.whoi.edu/mvco/IFCB1_2012_306_081806_00589.png,
,Plankton interactions,diatoms with flagellates,https://ifcb-data.whoi.edu/mvco/IFCB1_2012_306_150941_00930.png,
,Plankton interactions,diatoms with flagellates,https://ifcb-data.whoi.edu/mvco/IFCB1_2008_235_205819_00210.png,
,Plankton interactions,diatoms with flagellates,https://ifcb-data.whoi.edu/mvco/IFCB1_2008_199_143321_06650.png,
,Plankton interactions,diatoms with flagellates,https://ifcb-data.whoi.edu/mvco/IFCB1_2008_194_004923_03310.png,
,Plankton interactions,diatoms with flagellates,https://ifcb-data.whoi.edu/mvco/IFCB1_2007_303_202320_03809.png,
,Plankton interactions,diatoms with flagellates,https://ifcb-data.whoi.edu/mvco/IFCB1_2007_303_210642_00596.png,
,Plankton interactions,Diatoms with pennates,https://ifcb-data.whoi.edu/mvco/IFCB1_2012_351_214559_00814.png,
1,Plankton interactions,Diatoms with pennates,https://ifcb-data.whoi.edu/mvco/IFCB1_2008_318_181914_00484.png,
,Plankton interactions,Diatoms with pennates,https://ifcb-data.whoi.edu/mvco/IFCB1_2012_263_235118_02287.png,
,Plankton interactions,Diatoms with pennates,https://ifcb-data.whoi.edu/mvco/IFCB1_2012_354_170819_00997.png,
,Plankton interactions,Diatoms with pennates,https://ifcb-data.whoi.edu/mvco/IFCB1_2012_279_182919_00729.png,
,Plankton interactions,Diatoms with pennates,https://ifcb-data.whoi.edu/mvco/IFCB1_2012_289_030208_01601.png,
,Plankton interactions,Diatoms with pennates,https://ifcb-data.whoi.edu/mvco/IFCB1_2012_264_003745_00367.png,
,Plankton interactions,Diatoms with pennates,https://ifcb-data.whoi.edu/mvco/IFCB1_2014_272_111239_06717.png,
,Plankton interactions,Diatoms with pennates,https://ifcb-data.whoi.edu/mvco/IFCB1_2014_272_102611_05114.png,
,Plankton interactions,Diatoms with pennates,https://ifcb-data.whoi.edu/mvco/IFCB5_2012_232_231225_00726.png,
,Plankton interactions,Diatoms with pennates,https://ifcb-data.whoi.edu/mvco/IFCB1_2012_288_183202_00244.png,
,Plankton interactions,Diatoms with pennates,https://ifcb-data.whoi.edu/mvco/IFCB1_2012_291_130756_00727.png,
,Plankton interactions,Diatoms with pennates,https://ifcb-data.whoi.edu/mvco/IFCB1_2012_263_235118_01976.png,
,Plankton interactions,Diatoms with pennates,https://ifcb-data.whoi.edu/mvco/IFCB1_2012_263_235118_03270.png,
,Plankton interactions,Diatoms with pennates,https://ifcb-data.whoi.edu/mvco/IFCB1_2012_291_185648_00444.png,
,Plankton interactions,Diatoms with pennates,https://ifcb-data.whoi.edu/mvco/IFCB1_2013_297_191707_02455.png,
,Plankton interactions,Diatoms with pennates,https://ifcb-data.whoi.edu/mvco/IFCB5_2014_062_184116_06321.png,
,Plankton interactions,Diatoms with pennates,https://ifcb-data.whoi.edu/mvco/IFCB1_2012_264_001432_03306.png,
,Plankton interactions,Diatoms with pennates,https://ifcb-data.whoi.edu/mvco/IFCB1_2009_150_171406_06458.png,
,Plankton interactions,Diatoms with pennates,https://ifcb-data.whoi.edu/mvco/IFCB1_2011_255_212504_02068.png,
,Plankton interactions,Diatoms with pennates,https://ifcb-data.whoi.edu/mvco/IFCB1_2012_262_150159_00306.png,
,Plankton interactions,Diatoms with pennates,https://ifcb-data.whoi.edu/mvco/IFCB5_2010_235_010248_01081.png,
,Flagellates,Dictyocha,https://ifcb-data.whoi.edu/mvco/IFCB5_2011_318_035238_00028.png,
,Flagellates,Dictyocha,https://ifcb-data.whoi.edu/mvco/IFCB5_2011_326_173024_04870.png,
1,Flagellates,Dictyocha,https://ifcb-data.whoi.edu/mvco/IFCB5_2011_322_030145_02749.png,
1,Ciliates,Dictyocysta,https://ifcb-data.whoi.edu/SPIROPA/D20190714T155706_IFCB129_02322.png,
,Ciliates,Dictyocysta,https://ifcb-data.whoi.edu/SPIROPA/D20190709T205554_IFCB129_00185.png,
,Ciliates,Dictyocysta,https://ifcb-data.whoi.edu/SPIROPA/D20190716T120426_IFCB109_00250.png,
,Ciliates,Dictyocysta,https://ifcb-data.whoi.edu/SPIROPA/D20190717T182347_IFCB129_00520.png,
,Ciliates,Didinium,https://ifcb-data.whoi.edu/mvco/IFCB1_2006_272_000827_00359.png,
,Flagellates,Dinobryon,https://ifcb-data.whoi.edu/mvco/IFCB5_2012_036_142823_02532.png,
,Flagellates,Dinobryon,https://ifcb-data.whoi.edu/mvco/IFCB5_2012_039_201905_00513.png,
,Dinoflagellates,Dinophyceae                                ,https://ifcb-data.whoi.edu/mvco/IFCB1_2006_158_010552_00034.png,
,Dinoflagellates,Dinophyceae                                ,https://ifcb-data.whoi.edu/mvco/IFCB1_2007_024_222028_00674.png,
,Dinoflagellates,Dinophyceae                                ,https://ifcb-data.whoi.edu/mvco/IFCB1_2007_027_005040_01083.png,
,Dinoflagellates,Dinophyceae                                ,https://ifcb-data.whoi.edu/mvco/IFCB1_2008_006_002456_01074.png,
,Dinoflagellates,Dinophyceae                                ,https://ifcb-data.whoi.edu/mvco/IFCB1_2008_006_000316_02100.png,
,Dinoflagellates,Dinophyceae                                ,https://ifcb-data.whoi.edu/mvco/IFCB1_2009_022_002654_01520.png,
1,Dinoflagellates,Dinophyceae                                ,https://ifcb-data.whoi.edu/mvco/IFCB5_2012_219_134909_00418.png,
,Dinoflagellates,Dinophyceae                                ,https://ifcb-data.whoi.edu/mvco/IFCB5_2012_192_182636_03238.png,
,Dinoflagellates,Dinophyceae                                ,https://ifcb-data.whoi.edu/mvco/IFCB1_2008_199_143321_02180.png,
,Dinoflagellates,Dinophyceae                                ,https://ifcb-data.whoi.edu/mvco/IFCB5_2012_221_022729_00974.png,
,Dinoflagellates,Dinophyceae                                ,https://ifcb-data.whoi.edu/mvco/IFCB5_2012_221_103446_00003.png,
,Dinoflagellates,Dinophyceae                                ,https://ifcb-data.whoi.edu/mvco/IFCB5_2012_192_173944_02598.png,
,Dinoflagellates,Dinophyceae                                ,https://ifcb-data.whoi.edu/mvco/IFCB1_2009_045_193325_00316.png,
,Dinoflagellates,Dinophyceae                                ,https://ifcb-data.whoi.edu/mvco/IFCB1_2009_045_193325_00780.png,
,Dinoflagellates,Dinophyceae                                ,https://ifcb-data.whoi.edu/mvco/IFCB1_2009_045_195638_00121.png,
,Dinoflagellates,Dinophyceae                                ,https://ifcb-data.whoi.edu/mvco/IFCB1_2009_045_195638_00155.png,
,Dinoflagellates,Dinophyceae                                ,https://ifcb-data.whoi.edu/mvco/IFCB1_2009_045_195638_00512.png,
,Dinoflagellates,Dinophyceae                                ,https://ifcb-data.whoi.edu/mvco/IFCB1_2010_030_180248_00740.png,
,Dinoflagellates,Dinophyceae                                ,https://ifcb-data.whoi.edu/mvco/IFCB1_2010_030_180248_01812.png,
,Dinoflagellates,Dinophyceae                                ,https://ifcb-data.whoi.edu/mvco/IFCB5_2012_046_181222_00456.png,
,Dinoflagellates,Dinophyceae                                ,https://ifcb-data.whoi.edu/mvco/IFCB5_2010_240_195716_00573.png,
,Dinoflagellates,Dinophyceae                                ,https://ifcb-data.whoi.edu/mvco/IFCB1_2009_060_183831_00227.png,
,Dinoflagellates,Dinophyceae                                ,https://ifcb-data.whoi.edu/mvco/IFCB1_2009_120_175459_00706.png,
,Dinoflagellates,Dinophyceae                                ,https://ifcb-data.whoi.edu/mvco/IFCB1_2009_135_182511_00414.png,
,Dinoflagellates,Dinophyceae                                ,https://ifcb-data.whoi.edu/mvco/IFCB1_2010_015_183943_00189.png,
,Dinoflagellates,Dinophyceae                                ,https://ifcb-data.whoi.edu/mvco/IFCB1_2010_030_182559_00458.png,
,Dinoflagellates,Dinophyceae morphotype 1,https://ifcb-data.whoi.edu/mvco/D20180814T221437_IFCB125_00815.png,
,Dinoflagellates,Dinophyceae morphotype 1,https://ifcb-data.whoi.edu/EXPORTS/D20180818T000234_IFCB125_02248.png,
,Dinoflagellates,Dinophyceae morphotype 1,https://ifcb-data.whoi.edu/EXPORTS/D20180816T234621_IFCB125_00533.png,
,Dinoflagellates,Dinophyceae morphotype 1,https://ifcb-data.whoi.edu/EXPORTS/D20180816T234621_IFCB125_00057.png,
,Dinoflagellates,Dinophyceae morphotype 2,https://ifcb-data.whoi.edu/mvco/D20180827T050444_IFCB125_00191.png,
,Dinoflagellates,Dinophyceae morphotype 2,https://ifcb-data.whoi.edu/EXPORTS/D20180818T050728_IFCB125_01507.png,
,Dinoflagellates,Dinophyceae morphotype 2,https://ifcb-data.whoi.edu/EXPORTS/D20180906T015457_IFCB125_03502.png,
,Dinoflagellates,Dinophyceae morphotype 2,https://ifcb-data.whoi.edu/EXPORTS/D20180907T131639_IFCB125_06274.png,
1,Dinoflagellates,Dinophysis norvegica,https://ifcb-data.whoi.edu/mvco/IFCB1_2010_135_161656_00450.png,
1,Dinoflagellates,Dinophysis,https://ifcb-data.whoi.edu/mvco/IFCB5_2012_076_171207_00761.png,
,Dinoflagellates,Dinophysis tripos                          ,https://ifcb-data.whoi.edu/mvco/IFCB5_2012_228_122702_02578.png,
,Dinoflagellates,Dinophysis acuminata                       ,https://ifcb-data.whoi.edu/mvco/IFCB5_2014_016_193413_01944.png,
,Dinoflagellates,Dinophysis acuminata                       ,https://ifcb-data.whoi.edu/mvco/IFCB1_2009_158_180517_01043.png,
1,Dinoflagellates,Dinophysis acuminata                       ,https://ifcb-data.whoi.edu/mvco/IFCB5_2010_240_173758_02901.png,
,Dinoflagellates,Dinophysis norvegica                       ,https://ifcb-data.whoi.edu/mvco/IFCB1_2012_151_160629_00408.png,
1,Dinoflagellates,Dinophysis tripos                          ,https://ifcb-data.whoi.edu/mvco/IFCB1_2011_240_162844_02079.png,
,Diatoms,Ditylum brightwellii,https://ifcb-data.whoi.edu/mvco/IFCB1_2012_291_124443_01548.png,
1,Diatoms,Ditylum brightwellii,https://ifcb-data.whoi.edu/mvco/IFCB5_2011_330_184411_03111.png,
,Diatoms,Ditylum brightwellii,https://ifcb-data.whoi.edu/mvco/IFCB1_2012_354_131614_01137.png,
1,Plankton interactions,Ditylum parasite,https://ifcb-data.whoi.edu/mvco/IFCB5_2012_047_185125_01617.png,
,Plankton interactions,Ditylum parasite,https://ifcb-data.whoi.edu/mvco/IFCB1_2009_031_145308_00267.png,
,Coccolithophore,Emiliania huxleyi,https://ifcb-data.whoi.edu/mvco/IFCB5_2011_318_031734_02077.png,
1,Coccolithophore,Emiliania huxleyi,https://ifcb-data.whoi.edu/mvco/IFCB5_2013_352_091741_00453.png,
,Coccolithophore,Emiliania huxleyi,https://ifcb-data.whoi.edu/mvco/IFCB5_2011_316_170429_00438.png,
,Coccolithophore,Emiliania huxleyi,https://ifcb-data.whoi.edu/mvco/IFCB5_2011_316_170429_03971.png,
,Coccolithophore,Emiliania huxleyi,https://ifcb-data.whoi.edu/mvco/IFCB5_2011_316_170429_05432.png,
,Plankton interactions,Engulfer feeding,https://ifcb-data.whoi.edu/mvco/IFCB5_2013_094_161209_00702.png,
,Plankton interactions,Engulfer feeding,https://ifcb-data.whoi.edu/mvco/IFCB1_2008_199_154228_01127.png,
,Plankton interactions,Engulfer feeding,https://ifcb-data.whoi.edu/mvco/IFCB1_2006_360_183707_00506.png,
,Plankton interactions,Engulfer feeding,https://ifcb-data.whoi.edu/mvco/IFCB1_2013_059_095533_00419.png,
,Plankton interactions,Engulfer feeding,https://ifcb-data.whoi.edu/mvco/IFCB1_2016_119_131124_02927.png,
,Plankton interactions,Engulfer feeding,https://ifcb-data.whoi.edu/mvco/IFCB5_2015_336_031931_01612.png,
,Plankton interactions,Engulfer feeding,https://ifcb-data.whoi.edu/mvco/IFCB5_2014_057_190635_00401.png,
,Plankton interactions,Engulfer feeding,https://ifcb-data.whoi.edu/mvco/IFCB1_2007_146_155354_00021.png,
,Plankton interactions,Engulfer feeding,https://ifcb-data.whoi.edu/mvco/IFCB1_2016_085_195112_00206.png,
,Plankton interactions,Engulfer feeding,https://ifcb-data.whoi.edu/mvco/IFCB1_2008_350_021139_00717.png,
,Plankton interactions,Engulfer feeding,https://ifcb-data.whoi.edu/mvco/IFCB5_2013_137_174923_03641.png,
,Plankton interactions,Engulfer feeding,https://ifcb-data.whoi.edu/mvco/IFCB5_2013_133_152833_01821.png,
,Plankton interactions,Engulfer feeding,https://ifcb-data.whoi.edu/mvco/IFCB5_2013_095_214907_00823.png,
,Plankton interactions,Engulfer feeding,https://ifcb-data.whoi.edu/mvco/IFCB5_2013_067_224713_00264.png,
,Plankton interactions,Engulfer feeding,https://ifcb-data.whoi.edu/mvco/IFCB1_2013_050_191140_00332.png,
,Plankton interactions,Engulfer feeding,https://ifcb-data.whoi.edu/mvco/IFCB1_2008_100_190250_00059.png,
,Plankton interactions,Engulfer feeding,https://ifcb-data.whoi.edu/mvco/IFCB1_2009_067_180909_01006.png,
,Plankton interactions,Engulfer feeding,https://ifcb-data.whoi.edu/mvco/IFCB1_2007_347_004316_04699.png,
,Plankton interactions,Engulfer feeding,https://ifcb-data.whoi.edu/mvco/IFCB1_2009_225_161700_01288.png,
,Plankton interactions,Engulfer feeding,https://ifcb-data.whoi.edu/mvco/IFCB1_2009_292_003918_04360.png,
,Plankton interactions,Engulfer feeding,https://ifcb-data.whoi.edu/mvco/IFCB1_2009_307_224242_04396.png,
,Plankton interactions,Engulfer feeding,https://ifcb-data.whoi.edu/mvco/IFCB1_2010_040_214828_00513.png,
,Plankton interactions,Engulfer feeding,https://ifcb-data.whoi.edu/mvco/IFCB5_2010_240_160500_04786.png,
,Plankton interactions,Engulfer feeding,https://ifcb-data.whoi.edu/mvco/IFCB1_2012_277_082218_03857.png,
,Plankton interactions,Engulfer feeding,https://ifcb-data.whoi.edu/mvco/IFCB1_2010_306_201258_09390.png,
,Plankton interactions,Engulfer feeding,https://ifcb-data.whoi.edu/mvco/IFCB1_2010_045_190938_00239.png,
,Plankton interactions,Engulfer feeding,https://ifcb-data.whoi.edu/mvco/IFCB1_2012_279_200218_00471.png,
,Diatoms,Ephemera,https://ifcb-data.whoi.edu/mvco/IFCB1_2009_210_184624_01773.png,
1,Diatoms,Ephemera,https://ifcb-data.whoi.edu/mvco/IFCB5_2014_328_152205_04597.png,
,Diatoms,Eucampia,https://ifcb-data.whoi.edu/mvco/IFCB1_2006_311_084359_00930.png,
1,Diatoms,Eucampia,https://ifcb-data.whoi.edu/mvco/IFCB1_2006_311_044450_02833.png,
,Diatoms,Eucampia,https://ifcb-data.whoi.edu/mvco/IFCB5_2011_047_084449_00824.png,
,Diatoms,Eucampia,https://ifcb-data.whoi.edu/mvco/IFCB1_2010_030_180248_03226.png,
,Diatoms,Eucampia,https://ifcb-data.whoi.edu/mvco/IFCB5_2014_315_142115_07921.png,
,Flagellates,Euglena,https://ifcb-data.whoi.edu/mvco/IFCB5_2010_240_195716_00146.png,
,Flagellates,Euglena,https://ifcb-data.whoi.edu/mvco/IFCB5_2010_240_195716_00371.png,
,Flagellates,Euglena,https://ifcb-data.whoi.edu/mvco/IFCB5_2010_270_160623_06096.png,
,Flagellates,Euglena,https://ifcb-data.whoi.edu/mvco/IFCB5_2010_270_173915_00162.png,
1,Flagellates,Euglena,https://ifcb-data.whoi.edu/mvco/IFCB1_2010_015_190256_01032.png,
,Flagellates,Euglena,https://ifcb-data.whoi.edu/mvco/IFCB1_2009_120_162135_00978.png,
,Flagellates,Euglena,https://ifcb-data.whoi.edu/mvco/IFCB1_2008_318_184203_02927.png,
,Flagellates,Euglena,https://ifcb-data.whoi.edu/mvco/IFCB1_2007_030_191342_01191.png,
,Flagellates,Euglena,https://ifcb-data.whoi.edu/mvco/IFCB5_2010_262_032229_04633.png,
,Flagellates,Euglena,https://ifcb-data.whoi.edu/mvco/IFCB5_2010_262_053543_01487.png,
1,Ciliates,Euplotes,https://ifcb-data.whoi.edu/mvco/IFCB5_2011_024_094617_01475.png,
1,Ciliates,Euplotes morphotype1,https://ifcb-data.whoi.edu/SPIROPA/D20190706T013729_IFCB129_04788.png,
,Ciliates,Euplotes morphotype1,https://ifcb-data.whoi.edu/SPIROPA/D20190708T203804_IFCB129_01792.png,
,Ciliates,Euplotes morphotype1,https://ifcb-data.whoi.edu/SPIROPA/D20190716T140049_IFCB129_02318.png,
,Ciliates,Euplotes morphotype1,https://ifcb-data.whoi.edu/SPIROPA/D20190718T074540_IFCB129_00556.png,
1,Ciliates,Eutintinnus,https://ifcb-data.whoi.edu/mvco/IFCB5_2017_290_193655_08140.png,
,Ciliates,Eutintinnus,https://ifcb-data.whoi.edu/mvco/IFCB5_2016_266_233722_07025.png,
,Ciliates,Eutintinnus,https://ifcb-data.whoi.edu/mvco/IFCB1_2006_158_025435_00268.png,
,Ciliates,Eutintinnus,https://ifcb-data.whoi.edu/mvco/IFCB1_2011_271_164434_02493.png,
1,Ciliates,Favella,https://ifcb-data.whoi.edu/mvco/IFCB1_2009_122_165429_00098.png,
,Ciliates,Favella,https://ifcb-data.whoi.edu/mvco/IFCB1_2011_279_221512_01231.png,
,Ciliates,Favella,https://ifcb-data.whoi.edu/mvco/IFCB5_2012_221_003149_01676.png,
,Ciliates,Favella,https://ifcb-data.whoi.edu/mvco/D20200413T144241_IFCB129_06436.png,
,Miscellaneous,fecal pellet,https://ifcb-data.whoi.edu/NESLTER_transect/D20190203T000734_IFCB127_05336.png,
,Miscellaneous,fecal pellet,https://ifcb-data.whoi.edu/mvco/D20170423T051323_IFCB010_00860.png,
,Miscellaneous,fecal pellet,https://ifcb-data.whoi.edu/NESLTER_transect/D20190203T002728_IFCB102_00792.png,
1,Miscellaneous,fecal pellet,https://ifcb-data.whoi.edu/NESLTER_broadscale/D20130825T230904_IFCB014_00013.png,
1,Miscellaneous,fiber,https://ifcb-data.whoi.edu/mvco/D20180818T000234_IFCB125_08058.png,
,Miscellaneous,fiber,https://ifcb-data.whoi.edu/EXPORTS/D20180818T000234_IFCB125_05492.png,
,Miscellaneous,fiber,https://ifcb-data.whoi.edu/EXPORTS/D20180818T000234_IFCB125_06526.png,
,Miscellaneous,fiber,https://ifcb-data.whoi.edu/EXPORTS/D20180816T234621_IFCB125_00188.png,
,Flagellates,flagellate,https://ifcb-data.whoi.edu/mvco/IFCB5_2012_009_212600_00866.png,
,Flagellates,flagellate,https://ifcb-data.whoi.edu/mvco/IFCB1_2007_092_161703_00319.png,
1,Flagellates,flagellate morphotype1,https://ifcb-data.whoi.edu/mvco/IFCB1_2010_040_212550_01309.png,
,Flagellates,flagellate morphotype1,https://ifcb-data.whoi.edu/mvco/IFCB5_2011_039_040624_03613.png,
,Flagellates,flagellate morphotype1,https://ifcb-data.whoi.edu/mvco/IFCB5_2013_153_134030_00229.png,
,Flagellates,flagellate morphotype1,https://ifcb-data.whoi.edu/mvco/IFCB5_2012_066_172506_00400.png,
,Flagellates,flagellate morphotype1,https://ifcb-data.whoi.edu/mvco/IFCB5_2012_066_172506_01682.png,
,Flagellates,flagellate morphotype1,https://ifcb-data.whoi.edu/mvco/IFCB5_2012_066_172506_03150.png,
,Flagellates,flagellate morphotype3,https://ifcb-data.whoi.edu/mvco/IFCB1_2009_111_222006_03957.png,
1,Flagellates,flagellate morphotype3,https://ifcb-data.whoi.edu/mvco/IFCB1_2014_176_155350_02778.png,
,Flagellates,flagellate morphotype3,https://ifcb-data.whoi.edu/mvco/IFCB5_2011_051_192947_03944.png,
,Miscellaneous,foraminifera                               ,https://ifcb-data.whoi.edu/SPIROPA/D20190717T162127_IFCB109_00286.png,
1,Miscellaneous,G delicatula detritus,https://ifcb-data.whoi.edu/mvco/IFCB1_2007_012_000830_01216.png,Guinardia damaged by IFCB bleach cycle
,Miscellaneous,G delicatula detritus,https://ifcb-data.whoi.edu/mvco/IFCB1_2007_032_183908_00747.png,
,Miscellaneous,G delicatula detritus,https://ifcb-data.whoi.edu/mvco/IFCB1_2009_270_011758_07306.png,
,Plankton interactions,G delicatula external parasite,https://ifcb-data.whoi.edu/mvco/IFCB1_2009_041_204709_01712.png,
1,Plankton interactions,G delicatula external parasite,https://ifcb-data.whoi.edu/mvco/IFCB5_2011_331_020503_03435.png,
,Plankton interactions,G delicatula external parasite,https://ifcb-data.whoi.edu/mvco/IFCB5_2014_330_162359_00597.png,
,Plankton interactions,G delicatula parasite,https://ifcb-data.whoi.edu/mvco/IFCB1_2006_270_164544_00637.png,
,Plankton interactions,G delicatula parasite,https://ifcb-data.whoi.edu/mvco/IFCB1_2008_349_171852_00062.png,
,Plankton interactions,G delicatula parasite,https://ifcb-data.whoi.edu/mvco/IFCB5_2012_029_072437_03381.png,
1,Plankton interactions,G delicatula parasite,https://ifcb-data.whoi.edu/mvco/IFCB5_2015_008_014341_01483.png,
,Plankton interactions,G delicatula parasite,https://ifcb-data.whoi.edu/mvco/IFCB5_2014_339_111708_03855.png,
,Plankton interactions,G delicatula parasite,https://ifcb-data.whoi.edu/mvco/IFCB5_2014_339_103043_04406.png,
,Dinoflagellates,Gonyaulax,https://ifcb-data.whoi.edu/mvco/IFCB1_2008_347_001931_01687.png,
1,Dinoflagellates,Gonyaulax,https://ifcb-data.whoi.edu/mvco/IFCB1_2009_022_002654_01039.png,
,Diatoms,Guinardia delicatula,https://ifcb-data.whoi.edu/mvco/IFCB1_2007_092_182732_00359.png,
,Diatoms,Guinardia delicatula,https://ifcb-data.whoi.edu/mvco/IFCB1_2010_031_232846_01177.png,
,Diatoms,Guinardia delicatula,https://ifcb-data.whoi.edu/mvco/IFCB5_2012_046_085134_01470.png,
1,Diatoms,Guinardia delicatula,https://ifcb-data.whoi.edu/mvco/IFCB5_2015_020_022253_00030.png,
1,Diatoms,Guinardia flaccida,https:/ifcb-data.whoi.edu/mvco/IFCB5_2012_023_192345_03677.png,
,Diatoms,Guinardia flaccida,https://ifcb-data.whoi.edu/mvco/IFCB5_2012_046_113359_02103.png,
,Diatoms,Guinardia striata,https://ifcb-data.whoi.edu/mvco/IFCB5_2012_021_223858_02630.png,
,Diatoms,Guinardia striata,https://ifcb-data.whoi.edu/mvco/IFCB5_2012_021_173718_01513.png,
,Diatoms,Guinardia striata,https://ifcb-data.whoi.edu/mvco/IFCB5_2012_039_053553_01571.png,
1,Diatoms,Guinardia striata,https://ifcb-data.whoi.edu/mvco/IFCB5_2012_041_214542_01687.png,
,Diatoms,Guinardia striata,https://ifcb-data.whoi.edu/mvco/IFCB5_2012_003_233824_03160.png,
,Diatoms,Guinardia striata,https://ifcb-data.whoi.edu/mvco/IFCB5_2012_010_094830_02973.png,
,Dinoflagellates,Gymnodinium,http://phyto-optics.gso.uri.edu:8888/GSODock/D20180326T211700_IFCB120_00689.png,
,Dinoflagellates,Gymnodinium,http://phyto-optics.gso.uri.edu:8888/GSODock/D20180326T214129_IFCB120_06779.png,
,Dinoflagellates,Gyrodinium,https://ifcb-data.whoi.edu/mvco/IFCB1_2012_285_131225_00088.png,
1,Dinoflagellates,Gyrodinium,https://ifcb-data.whoi.edu/mvco/IFCB1_2012_276_170035_00020.png,
,Dinoflagellates,Gyrodinium,https://ifcb-data.whoi.edu/mvco/IFCB1_2012_276_161411_00325.png,
,Dinoflagellates,Gyrodinium,https://ifcb-data.whoi.edu/mvco/IFCB1_2012_276_152748_00287.png,
,Dinoflagellates,Gyrodinium,https://ifcb-data.whoi.edu/mvco/IFCB5_2014_060_064942_00610.png,
,Dinoflagellates,Gyrodinium,https://ifcb-data.whoi.edu/mvco/IFCB5_2014_038_210605_02395.png,
,Dinoflagellates,Gyrodinium,https://ifcb-data.whoi.edu/mvco/IFCB1_2008_060_005303_01305.png,
,Ciliates,Helicostomella subulata,https://ifcb-data.whoi.edu/mvco/D20180518T132126_IFCB010_02604.png,
1,Diatoms,Hemiaulus,https://ifcb-data.whoi.edu/mvco/IFCB5_2012_242_193108_06862.png,
,Diatoms,Hemiaulus,https://ifcb-data.whoi.edu/mvco/IFCB5_2012_240_164007_03239.png,
,Diatoms,Hemiaulus,https://ifcb-data.whoi.edu/mvco/IFCB5_2012_243_072426_01020.png,
,Diatoms,Hemiaulus,https://ifcb-data.whoi.edu/mvco/IFCB5_2012_243_050512_00784.png,
,Diatoms,Hemiaulus,https://ifcb-data.whoi.edu/mvco/IFCB5_2012_243_050512_00036.png,
,Diatoms,Hemiaulus,https://ifcb-data.whoi.edu/mvco/IFCB5_2012_243_035534_00398.png,
,Diatoms,Hemiaulus,https://ifcb-data.whoi.edu/mvco/IFCB1_2011_244_200208_00877.png,
,Diatoms,Hemiaulus,https://ifcb-data.whoi.edu/mvco/IFCB1_2011_244_200208_00621.png,
,Diatoms,Hemiaulus,https://ifcb-data.whoi.edu/mvco/IFCB5_2012_240_133428_00837.png,
,Diatoms,Hemiaulus,https://ifcb-data.whoi.edu/mvco/IFCB5_2012_239_134457_02295.png,
,Diatoms,Hemiaulus,https://ifcb-data.whoi.edu/mvco/IFCB5_2012_239_175707_03640.png,
,Diatoms,Hemiaulus,https://ifcb-data.whoi.edu/mvco/IFCB5_2010_259_182514_00090.png,
,Diatoms,Hemiaulus,https://ifcb-data.whoi.edu/mvco/IFCB5_2010_249_025833_03488.png,
,Diatoms,Hemiaulus,https://ifcb-data.whoi.edu/mvco/IFCB5_2012_239_175707_03279.png,
,Dinoflagellates,Heterocapsa rotundata,https://ifcb-data.whoi.edu/mvco/IFCB1_2008_006_002456_00195.png,
,Dinoflagellates,Heterocapsa rotundata,https://ifcb-data.whoi.edu/mvco/IFCB1_2009_307_000512_04264.png,
1,Dinoflagellates,Heterocapsa rotundata,https://ifcb-data.whoi.edu/mvco/IFCB5_2010_320_201135_00830.png,
,Dinoflagellates,Heterocapsa triquetra,https://ifcb-data.whoi.edu/mvco/IFCB5_2014_060_060318_04715.png,
,Dinoflagellates,Heterocapsa triquetra,https://ifcb-data.whoi.edu/mvco/IFCB1_2012_151_160629_01222.png,
1,Dinoflagellates,Heterocapsa triquetra,https://ifcb-data.whoi.edu/mvco/IFCB1_2010_045_184626_01124.png,
,Dinoflagellates,Heterocapsa triquetra,https://ifcb-data.whoi.edu/mvco/IFCB1_2012_151_154317_00059.png,
,Dinoflagellates,Heterocapsa triquetra,https://ifcb-data.whoi.edu/mvco/IFCB1_2012_151_154317_00171.png,
,Dinoflagellates,Heterocapsa triquetra,https://ifcb-data.whoi.edu/mvco/IFCB1_2012_151_154317_00278.png,
,Dinoflagellates,Heterocapsa triquetra,https://ifcb-data.whoi.edu/mvco/IFCB1_2012_151_154317_00335.png,
,Dinoflagellates,Heterocapsa triquetra,https://ifcb-data.whoi.edu/mvco/IFCB1_2012_151_154317_00655.png,
,Dinoflagellates,Karenia,https://ifcb-data.whoi.edu/mvco/IFCB5_2012_192_180257_00960.png,
,Dinoflagellates,Karenia,https://ifcb-data.whoi.edu/mvco/IFCB1_2012_285_142205_00287.png,
1,Dinoflagellates,Karenia,https://ifcb-data.whoi.edu/mvco/IFCB1_2012_285_142205_00192.png,
1,Dinoflagellates,Karenia brevis,,
1,Dinoflagellates,Karenia mikimotoi,,
,Dinoflagellates,Katodinium or Torodinium,https://ifcb-data.whoi.edu/mvco/IFCB1_2007_113_192601_00111.png,
1,Dinoflagellates,Katodinium or Torodinium,https://ifcb-data.whoi.edu/mvco/IFCB1_2012_122_205827_05022.png,
1,Ciliates,Laboea strobila,https://ifcb-data.whoi.edu/mvco/IFCB1_2009_133_183845_00002.png,
,Diatoms,Lauderia annulata,https://ifcb-data.whoi.edu/mvco/IFCB1_2008_318_195140_02131.png,
1,Diatoms,Lauderia annulata,https://ifcb-data.whoi.edu/mvco/IFCB1_2010_001_212311_01103.png,
1,Ciliates,Leegaardiella ovalis,https://ifcb-data.whoi.edu/mvco/IFCB1_2007_361_022456_02543.png,
1,Diatoms,Leptocylindrus,https://ifcb-data.whoi.edu/mvco/IFCB5_2011_001_173655_04616.png,
,Diatoms,Leptocylindrus,https://ifcb-data.whoi.edu/mvco/IFCB5_2014_328_152205_00600.png,
1,Diatoms,Leptocylindrus mediterraneus,https://ifcb-data.whoi.edu/mvco/IFCB1_2012_289_090719_00050.png,
,Diatoms,Leptocylindrus mediterraneus,https://ifcb-data.whoi.edu/mvco/IFCB1_2012_289_182412_01633.png,
,Diatoms,Leptocylindrus mediterraneus,https://ifcb-data.whoi.edu/mvco/IFCB1_2012_264_003745_00683.png,
,Diatoms,Leptocylindrus mediterraneus,https://ifcb-data.whoi.edu/mvco/IFCB1_2012_264_003745_00684.png,
1,Diatoms,Licmophora,https://ifcb-data.whoi.edu/mvco/IFCB5_2011_361_065809_01423.png,
,Diatoms,Licmophora,https://ifcb-data.whoi.edu/mvco/IFCB1_2007_090_191948_01429.png,
,Diatoms,Licmophora,https://ifcb-data.whoi.edu/mvco/IFCB1_2009_341_002518_05524.png,
1,Dinoflagellates,Lingulodinium                              ,https://ifcb-data.whoi.edu/SIO_Delmar_mooring/D20200504T230605_IFCB115_02658.png,
,Dinoflagellates,Margalefidinium,https://ifcb-data.whoi.edu/mvco/IFCB1_2009_262_001431_09002.png,
,Dinoflagellates,Margalefidinium,https://ifcb-data.whoi.edu/mvco/IFCB1_2011_260_221456_03483.png,
,Dinoflagellates,Margalefidinium,https://ifcb-data.whoi.edu/mvco/IFCB1_2011_260_223806_02139.png,
,Dinoflagellates,Margalefidinium,https://ifcb-data.whoi.edu/mvco/IFCB1_2011_255_210152_03457.png,
1,Dinoflagellates,Margalefidinium                            ,https://ifcb-data.whoi.edu/mvco/IFCB1_2009_262_001431_09002.png,
,Dinoflagellates,Mesodinium,https://ifcb-data.whoi.edu/mvco/IFCB1_2009_067_004943_02443.png,
,Dinoflagellates,Mesodinium,https://ifcb-data.whoi.edu/mvco/IFCB1_2016_077_160729_04728.png,
,Miscellaneous,mix,https://ifcb-data.whoi.edu/mvco/IFCB1_2012_292_095605_00002.png,
,Miscellaneous,mix,https://ifcb-data.whoi.edu/mvco/IFCB1_2007_146_002550_00001.png,
1,Miscellaneous,mix,https://ifcb-data.whoi.edu/mvco/IFCB1_2015_253_180439_02711.png,
,Diatoms,Odontella,https://ifcb-data.whoi.edu/mvco/IFCB5_2010_249_010230_05887.png,
1,Diatoms,Odontella,https://ifcb-data.whoi.edu/mvco/IFCB5_2014_001_181512_04985.png,
,Diatoms,Odontella,http://phyto-optics.gso.uri.edu:8888/GSODock/D20180102T183903_IFCB120_00585.png,
,Diatoms,Odontella,http://phyto-optics.gso.uri.edu:8888/GSODock/D20171215T145312_IFCB120_01218.png,
,Diatoms,Odontella mobiliensis,https://ifcb-data.whoi.edu/mvco/IFCB1_2008_319_005351_02175.png,
,Diatoms,Odontella mobiliensis,https://ifcb-data.whoi.edu/mvco/IFCB5_2010_268_001054_02171.png,
1,Diatoms,Odontella mobiliensis,http://phyto-optics.gso.uri.edu:8888/GSODock/D20181103T094644_IFCB120_03307.png,
,Diatoms,Odontella mobiliensis,http://phyto-optics.gso.uri.edu:8888/GSODock/D20181103T094644_IFCB120_01903.png,
,Diatoms,Odontella mobiliensis,http://phyto-optics.gso.uri.edu:8888/GSODock/D20181103T101111_IFCB120_02085.png,
1,Coccolithophore,Ophiaster,https://ifcb-data.whoi.edu/NESLTER_transect/D20180203T131156_IFCB102_01089.png,
,Coccolithophore,Ophiaster,https://ifcb-data.whoi.edu/NESLTER_transect/D20180203T131156_IFCB102_02364.png,
,Coccolithophore,Ophiaster,https://ifcb-data.whoi.edu/NESLTER_transect/D20180203T124934_IFCB102_01746.png,
,Plankton interactions,other,https://ifcb-data.whoi.edu/mvco/IFCB5_2016_229_122659_01439.png,
,Dinoflagellates,Oxyrrhis,https://ifcb-data.whoi.edu/EXPORTS/D20180814T040542_IFCB125_01012.png,
,Dinoflagellates,Oxyrrhis,https://ifcb-data.whoi.edu/EXPORTS/D20180814T040542_IFCB125_03455.png,
,Dinoflagellates,Oxyrrhis,https://ifcb-data.whoi.edu/EXPORTS/D20180814T040542_IFCB125_05010.png,
,Dinoflagellates,Oxytoxum                                   ,https://ifcb-data.whoi.edu/SPIROPA/D20190712T084910_IFCB109_01245.png,
,Dinoflagellates,Oxytoxum                                   ,https://ifcb-data.whoi.edu/EXPORTS/D20180908T141238_IFCB125_00883.png,
,Dinoflagellates,Oxytoxum                                   ,https://ifcb-data.whoi.edu/EXPORTS/D20180908T141238_IFCB125_02165.png,
,Dinoflagellates,Oxytoxum                                   ,https://ifcb-data.whoi.edu/EXPORTS/D20180818T182207_IFCB125_01489.png,
,Dinoflagellates,Oxytoxum                                   ,https://ifcb-data.whoi.edu/EXPORTS/D20180902T213206_IFCB107_00127.png,
,Plankton interactions,Pallium feeder,https://ifcb-data.whoi.edu/mvco/IFCB1_2009_341_002518_01380.png,
,Plankton interactions,Pallium feeder,https://ifcb-data.whoi.edu/mvco/D20180316T173019_IFCB010_00393.png,
,Plankton interactions,Pallium feeder,https://ifcb-data.whoi.edu/mvco/D20170421T142050_IFCB010_00242.png,
1,Plankton interactions,Pallium feeder,https://ifcb-data.whoi.edu/mvco/IFCB5_2013_094_043601_01508.png,
,Plankton interactions,Pallium feeder,https://ifcb-data.whoi.edu/mvco/IFCB5_2016_273_171232_01322.png,
,Plankton interactions,Pallium feeder,https://ifcb-data.whoi.edu/mvco/IFCB1_2016_124_143141_01173.png,
,Plankton interactions,Pallium feeder,https://ifcb-data.whoi.edu/mvco/IFCB5_2016_337_160407_00331.png,
,Plankton interactions,Pallium feeder,https://ifcb-data.whoi.edu/mvco/IFCB1_2016_077_165356_00086.png,
,Plankton interactions,Pallium feeder,https://ifcb-data.whoi.edu/mvco/IFCB1_2016_103_120552_03241.png,
,Plankton interactions,Pallium feeder,https://ifcb-data.whoi.edu/mvco/IFCB1_2016_085_223342_00496.png,
,Plankton interactions,Pallium feeder,https://ifcb-data.whoi.edu/mvco/IFCB1_2016_085_225725_02129.png,
,Plankton interactions,Pallium feeder,https://ifcb-data.whoi.edu/mvco/IFCB1_2016_089_182228_02689.png,
,Plankton interactions,Pallium feeder,https://ifcb-data.whoi.edu/mvco/IFCB5_2011_337_012755_02051.png,
,Plankton interactions,Pallium feeder,https://ifcb-data.whoi.edu/mvco/IFCB5_2013_142_191631_00729.png,
,Plankton interactions,Pallium feeder,https://ifcb-data.whoi.edu/mvco/IFCB5_2013_343_133657_02696.png,
,Plankton interactions,Pallium feeder,https://ifcb-data.whoi.edu/mvco/IFCB5_2013_136_104702_00186.png,
,Plankton interactions,Pallium feeder,https://ifcb-data.whoi.edu/mvco/IFCB5_2014_353_200517_00469.png,
,Plankton interactions,Pallium feeder,https://ifcb-data.whoi.edu/mvco/IFCB5_2015_316_174917_00750.png,
,Plankton interactions,Pallium feeder,https://ifcb-data.whoi.edu/mvco/IFCB5_2013_122_173158_00293.png,
,Plankton interactions,Pallium feeder,https://ifcb-data.whoi.edu/mvco/IFCB1_2012_285_083401_00473.png,
,Plankton interactions,Pallium feeder,https://ifcb-data.whoi.edu/mvco/IFCB1_2007_114_185222_00030.png,
,Plankton interactions,Pallium feeder,https://ifcb-data.whoi.edu/mvco/IFCB1_2010_068_010436_01915.png,
,Plankton interactions,Pallium feeder,https://ifcb-data.whoi.edu/mvco/IFCB5_2013_093_180330_02551.png,
,Plankton interactions,Pallium feeder,https://ifcb-data.whoi.edu/mvco/IFCB1_2010_090_171432_02416.png,
,Plankton interactions,Pallium feeder,https://ifcb-data.whoi.edu/mvco/IFCB1_2010_040_214828_00140.png,
,Plankton interactions,Pallium feeder,https://ifcb-data.whoi.edu/mvco/IFCB1_2007_092_184915_01040.png,
,Plankton interactions,Pallium feeder,https://ifcb-data.whoi.edu/mvco/IFCB1_2012_319_103844_00034.png,
,Plankton interactions,Pallium feeder,https://ifcb-data.whoi.edu/mvco/IFCB1_2012_291_170046_00020.png,
,Plankton interactions,Pallium feeder,https://ifcb-data.whoi.edu/mvco/IFCB1_2009_067_185511_02345.png,
,Plankton interactions,Pallium feeder,https://ifcb-data.whoi.edu/mvco/IFCB5_2015_020_041854_00072.png,
,Diatoms,Paralia sulcata,https://ifcb-data.whoi.edu/mvco/IFCB1_2008_090_194228_00154.png,
,Diatoms,Paralia sulcata,https://ifcb-data.whoi.edu/mvco/IFCB5_2010_240_160500_02718.png,
1,Flagellates,Parvicorbicula socialis,https://ifcb-data.whoi.edu/mvco/IFCB5_2011_024_092305_03653.png,
,Flagellates,Parvicorbicula socialis,https://ifcb-data.whoi.edu/mvco/IFCB5_2014_078_000841_02429.png,
,Flagellates,Parvicorbicula socialis,https://ifcb-data.whoi.edu/mvco/IFCB5_2012_048_160137_01589.png,
,Flagellates,Parvicorbicula socialis,https://ifcb-data.whoi.edu/mvco/IFCB5_2012_048_134222_00284.png,
,Flagellates,Parvicorbicula socialis,https://ifcb-data.whoi.edu/mvco/IFCB5_2012_048_112308_02016.png,
,Flagellates,Parvicorbicula socialis,https://ifcb-data.whoi.edu/mvco/IFCB5_2012_054_021907_00790.png,
,Flagellates,Parvicorbicula socialis,https://ifcb-data.whoi.edu/mvco/IFCB1_2013_028_062756_00577.png,
,Plankton interactions,Peduncle feeding,https://ifcb-data.whoi.edu/mvco/IFCB5_2017_250_150518_03511.png,
,Plankton interactions,Peduncle feeding,https://ifcb-data.whoi.edu/mvco/IFCB5_2013_087_075228_03291.png,
,Plankton interactions,Peduncle feeding,https://ifcb-data.whoi.edu/mvco/IFCB5_2013_093_112903_00621.png,
,Plankton interactions,Peduncle feeding,https://ifcb-data.whoi.edu/mvco/IFCB1_2012_324_193002_01802.png,
,Plankton interactions,Peduncle feeding,https://ifcb-data.whoi.edu/mvco/IFCB1_2012_292_164741_00165.png,
,Plankton interactions,Peduncle feeding,https://ifcb-data.whoi.edu/mvco/IFCB5_2011_135_195354_04483.png,
,Plankton interactions,Peduncle feeding,https://ifcb-data.whoi.edu/mvco/IFCB1_2007_285_193752_02433.png,
,Plankton interactions,Peduncle feeding,https://ifcb-data.whoi.edu/mvco/IFCB5_2015_017_115514_01412.png,
,Plankton interactions,Peduncle feeding,https://ifcb-data.whoi.edu/mvco/IFCB5_2015_017_110849_01417.png,
1,Plankton interactions,Peduncle feeding,https://ifcb-data.whoi.edu/mvco/IFCB1_2006_360_164826_00126.png,
,Plankton interactions,Peduncle feeding,https://ifcb-data.whoi.edu/mvco/IFCB1_2013_035_144627_00113.png,
,Plankton interactions,Peduncle feeding,https://ifcb-data.whoi.edu/mvco/IFCB5_2014_021_115025_03542.png,
,Plankton interactions,Peduncle feeding,https://ifcb-data.whoi.edu/mvco/IFCB5_2015_006_164519_00046.png,
,Plankton interactions,Peduncle feeding,https://ifcb-data.whoi.edu/mvco/IFCB1_2010_090_171432_04729.png,
,Plankton interactions,Peduncle feeding,https://ifcb-data.whoi.edu/mvco/IFCB1_2009_041_202359_00893.png,
,Plankton interactions,Peduncle feeding,https://ifcb-data.whoi.edu/mvco/IFCB1_2008_318_190514_00787.png,
,Plankton interactions,Peduncle feeding,https://ifcb-data.whoi.edu/mvco/IFCB1_2012_304_161618_00615.png,
,Plankton interactions,Peduncle feeding,https://ifcb-data.whoi.edu/mvco/IFCB5_2014_051_183327_02533.png,
,Diatoms,pennate,https://ifcb-data.whoi.edu/mvco/IFCB1_2006_158_000036_00053.png,
,Diatoms,pennate,https://ifcb-data.whoi.edu/mvco/IFCB1_2007_183_105701_00605.png,
1,Diatoms,pennate,https://ifcb-data.whoi.edu/mvco/IFCB1_2009_276_181153_00430.png,
,Diatoms,pennate,https://ifcb-data.whoi.edu/mvco/IFCB1_2010_285_004546_00913.png,
,Diatoms,pennate,https://ifcb-data.whoi.edu/mvco/IFCB5_2014_060_064942_05252.png,
,Diatoms,pennate morphotype1,https://ifcb-data.whoi.edu/mvco/IFCB1_2008_072_122847_03697.png,
,Diatoms,pennate morphotype1,https://ifcb-data.whoi.edu/mvco/IFCB1_2012_292_090941_00067.png,
1,Diatoms,pennate morphotype1,https://ifcb-data.whoi.edu/mvco/IFCB1_2013_302_163814_02962.png,
1,Flagellates,Phaeocystis,https://ifcb-data.whoi.edu/mvco/IFCB5_2012_046_143336_01037.png,
,Flagellates,Phaeocystis,https://ifcb-data.whoi.edu/mvco/IFCB1_2009_103_214706_02320.png,
,Flagellates,Phaeocystis,https://ifcb-data.whoi.edu/mvco/IFCB1_2009_328_001438_01982.png,
,Flagellates,Phaeocystis,https://ifcb-data.whoi.edu/mvco/IFCB1_2012_284_025929_00028.png,
,Flagellates,Phaeocystis,https://ifcb-data.whoi.edu/mvco/IFCB1_2012_288_172225_00297.png,
1,Ciliates,Pleuronema sp,https://ifcb-data.whoi.edu/mvco/IFCB1_2006_295_011304_00468.png,
1,Diatoms,Pleurosigma,https://ifcb-data.whoi.edu/mvco/IFCB1_2009_104_152854_02098.png,
,Diatoms,Pleurosigma,https://ifcb-data.whoi.edu/mvco/IFCB1_2011_244_163915_01042.png,
,Diatoms,Pleurosigma,https://ifcb-data.whoi.edu/mvco/IFCB5_2012_021_054400_00646.png,
,Diatoms,Pleurosigma,https://ifcb-data.whoi.edu/mvco/IFCB1_2012_116_172835_02229.png,
,Diatoms,Pleurosigma,https://ifcb-data.whoi.edu/mvco/IFCB1_2012_116_172835_01760.png,
,Diatoms,Pleurosigma,https://ifcb-data.whoi.edu/mvco/IFCB1_2012_116_172835_01787.png,
1,Dinoflagellates,Podolampas,https://ifcb-data.whoi.edu/SPIROPA/D20190718T001536_IFCB129_01536.png,
,Dinoflagellates,Podolampas,https://ifcb-data.whoi.edu/SPIROPA/D20190706T110455_IFCB109_01294.png,
,Dinoflagellates,Podolampas,https://ifcb-data.whoi.edu/SPIROPA/D20190718T002743_IFCB109_00110.png,
1,Miscellaneous,pollen,https://ifcb-data.whoi.edu/mvco/IFCB1_2009_122_221343_00065.png,
,Miscellaneous,pollen,https://ifcb-data.whoi.edu/mvco/IFCB5_2012_066_194419_01377.png,
1,Dinoflagellates,Polykrikos,https://ifcb-data.whoi.edu/mvco/IFCB1_2012_277_190646_02381.png,
,Dinoflagellates,Polykrikos,https://ifcb-data.whoi.edu/mvco/IFCB1_2012_296_174412_00965.png,
,Diatoms,Proboscia,https://ifcb-data.whoi.edu/mvco/IFCB1_2006_300_165425_00081.png,
,Diatoms,Proboscia,https://ifcb-data.whoi.edu/mvco/IFCB1_2006_310_161259_02372.png,
,Diatoms,Proboscia,https://ifcb-data.whoi.edu/mvco/IFCB1_2006_310_165607_02410.png,
,Diatoms,Proboscia,https://ifcb-data.whoi.edu/mvco/IFCB1_2006_310_173937_01477.png,
,Diatoms,Proboscia,https://ifcb-data.whoi.edu/mvco/IFCB1_2006_310_180123_03280.png,
1,Diatoms,Proboscia,https://ifcb-data.whoi.edu/mvco/IFCB1_2006_310_180123_03647.png,
,Diatoms,Proboscia,https://ifcb-data.whoi.edu/mvco/IFCB1_2006_310_182308_02799.png,
,Diatoms,Proboscia,https://ifcb-data.whoi.edu/mvco/IFCB1_2008_360_161430_01176.png,
,Diatoms,Proboscia,https://ifcb-data.whoi.edu/mvco/IFCB1_2008_360_194324_00156.png,
,Diatoms,Proboscia,https://ifcb-data.whoi.edu/mvco/IFCB1_2009_030_163951_01399.png,
,Diatoms,Proboscia,https://ifcb-data.whoi.edu/mvco/IFCB1_2009_030_163951_01400.png,
1,Dinoflagellates,Pronoctiluca                               ,https://ifcb-data.whoi.edu/EXPORTS/D20180814T093037_IFCB107_00314.png,
,Dinoflagellates,Pronoctiluca                               ,https://ifcb-data.whoi.edu/EXPORTS/D20180814T133656_IFCB107_00085.png,
,Dinoflagellates,Pronoctiluca                               ,https://ifcb-data.whoi.edu/EXPORTS/D20180821T074426_IFCB125_04019.png,
,Dinoflagellates,Pronoctiluca                               ,https://ifcb-data.whoi.edu/EXPORTS/D20180830T114041_IFCB125_04435.png,
1,Dinoflagellates,Prorocentrum micans,https://ifcb-data.whoi.edu/mvco/IFCB5_2010_320_201135_01154.png,
1,Dinoflagellates,Prorocentrum,https://ifcb-data.whoi.edu/mvco/IFCB5_2011_360_173202_01264.png,
,Dinoflagellates,Prorocentrum,https://ifcb-data.whoi.edu/mvco/IFCB1_2008_235_201211_00565.png,
,Dinoflagellates,Prorocentrum,https://ifcb-data.whoi.edu/mvco/IFCB5_2012_233_160757_00859.png,
,Dinoflagellates,Prorocentrum micans,https://ifcb-data.whoi.edu/mvco/IFCB5_2011_345_172140_00513.png,
,Dinoflagellates,Prorocentrum micans,https://ifcb-data.whoi.edu/mvco/IFCB5_2012_076_171207_06768.png,
1,Dinoflagellates,Prorocentrum micans,https://ifcb-data.whoi.edu/mvco/IFCB5_2012_076_171207_00843.png,
1,Dinoflagellates,Prorocentrum triestinum,https://ifcb-data.whoi.edu/mvco/IFCB5_2010_270_193519_04301.png,
,Dinoflagellates,Prorocentrum triestinum,https://ifcb-data.whoi.edu/mvco/IFCB5_2010_255_193109_02061.png,
,Dinoflagellates,Prorocentrum triestinum,https://ifcb-data.whoi.edu/mvco/IFCB5_2013_235_182951_06188.png,
,Dinoflagellates,Prorocentrum rostratum,https://ifcb-data.whoi.edu/SIO_Delmar_mooring/D20200207T150544_IFCB115_02313.png,
,Dinoflagellates,Prorocentrum rostratum,https://ifcb-data.whoi.edu/SIO_Delmar_mooring/D20200302T220605_IFCB115_00519.png,
,Dinoflagellates,Prorocentrum rostratum,https://ifcb-data.whoi.edu/SIO_Delmar_mooring/D20200303T010612_IFCB115_00027.png,
1,Dinoflagellates,Proterythropsis sp,https://ifcb-data.whoi.edu/mvco/IFCB1_2009_067_004943_00019.png,
,Dinoflagellates,Proterythropsis sp,https://ifcb-data.whoi.edu/mvco/IFCB1_2013_045_175844_00274.png,
,Dinoflagellates,Proterythropsis sp,https://ifcb-data.whoi.edu/mvco/IFCB5_2014_038_215230_05173.png,
,Dinoflagellates,Proterythropsis sp,https://ifcb-data.whoi.edu/mvco/IFCB1_2012_283_080837_00095.png,
,Dinoflagellates,Proterythropsis sp,https://ifcb-data.whoi.edu/mvco/IFCB1_2012_283_083212_00360.png,
,Dinoflagellates,Proterythropsis sp,https://ifcb-data.whoi.edu/mvco/IFCB1_2012_283_154659_00158.png,
,Dinoflagellates,Proterythropsis sp,https://ifcb-data.whoi.edu/mvco/IFCB1_2012_283_074550_00162.png,
,Dinoflagellates,Proterythropsis sp,https://ifcb-data.whoi.edu/mvco/IFCB1_2012_283_074550_00400.png,
,Dinoflagellates,Protoperidinium,https://ifcb-data.whoi.edu/mvco/IFCB1_2008_073_152345_01423.png,
,Dinoflagellates,Protoperidinium,https://ifcb-data.whoi.edu/mvco/IFCB1_2010_040_214828_01107.png,
,Dinoflagellates,Protoperidinium,https://ifcb-data.whoi.edu/mvco/IFCB1_2011_284_210748_01600.png,
,Dinoflagellates,Protoperidinium,https://ifcb-data.whoi.edu/mvco/IFCB1_2012_285_142205_00118.png,
,Dinoflagellates,Protoperidinium,https://ifcb-data.whoi.edu/mvco/IFCB5_2012_045_202902_00063.png,
,Flagellates,Pseudochattonella farcimen,https://ifcb-data.whoi.edu/mvco/IFCB1_2007_059_221306_00071.png,
,Flagellates,Pseudochattonella farcimen,https://ifcb-data.whoi.edu/mvco/IFCB1_2010_036_183757_00178.png,
1,Flagellates,Pseudochattonella farcimen,https://ifcb-data.whoi.edu/mvco/IFCB1_2013_057_133610_00093.png,
,Flagellates,Pseudochattonella farcimen,https://ifcb-data.whoi.edu/mvco/IFCB5_2011_015_194623_00038.png,
,Flagellates,Pseudochattonella farcimen,https://ifcb-data.whoi.edu/mvco/IFCB5_2011_030_160734_00964.png,
,Flagellates,Pseudochattonella farcimen,https://ifcb-data.whoi.edu/mvco/IFCB5_2011_030_165307_00019.png,
,Flagellates,Pseudochattonella farcimen,https://ifcb-data.whoi.edu/mvco/IFCB5_2011_030_170128_00564.png,
,Flagellates,Pseudochattonella farcimen,https://ifcb-data.whoi.edu/mvco/IFCB5_2011_165_194359_00006.png,
,Flagellates,Pseudochattonella farcimen,https://ifcb-data.whoi.edu/mvco/IFCB1_2008_318_170935_04917.png,
,Flagellates,Pseudochattonella farcimen,https://ifcb-data.whoi.edu/mvco/IFCB1_2007_360_184927_00059.png,
,Flagellates,Pseudochattonella farcimen,https://ifcb-data.whoi.edu/mvco/IFCB1_2007_061_183409_00300.png,
,Diatoms,Pseudo-nitzschia,https://ifcb-data.whoi.edu/mvco/IFCB5_2015_042_052633_02336.png,
,Diatoms,Pseudo-nitzschia,https://ifcb-data.whoi.edu/mvco/IFCB5_2015_051_190543_04562.png,
1,Diatoms,Pseudo-nitzschia,https://ifcb-data.whoi.edu/mvco/IFCB1_2006_295_002935_00814.png,
,Diatoms,Pseudo-nitzschia,https://ifcb-data.whoi.edu/mvco/IFCB1_2011_270_185023_03709.png,
,Diatoms,Pseudo-nitzschia,https://ifcb-data.whoi.edu/mvco/IFCB5_2012_047_065808_00989.png,
,Diatoms,Pterosperma,https://ifcb-data.whoi.edu/mvco/IFCB1_2012_184_111114_01351.png,
1,Diatoms,Pterosperma,https://ifcb-data.whoi.edu/mvco/IFCB5_2012_228_170529_02315.png,
,Diatoms,Pterosperma,https://ifcb-data.whoi.edu/mvco/IFCB1_2012_289_090719_01546.png,
,Diatoms,Pterosperma,https://ifcb-data.whoi.edu/mvco/IFCB1_2012_289_045830_00842.png,
,Flagellates,Pyramimonas,https://ifcb-data.whoi.edu/mvco/IFCB1_2006_280_002433_00485.png,
,Flagellates,Pyramimonas,https://ifcb-data.whoi.edu/mvco/IFCB1_2006_354_193915_00055.png,
,Flagellates,Pyramimonas,https://ifcb-data.whoi.edu/mvco/IFCB1_2009_211_155709_04744.png,
1,Flagellates,Pyramimonas,https://ifcb-data.whoi.edu/mvco/IFCB5_2015_015_053237_00720.png,
,Flagellates,Pyramimonas,https://ifcb-data.whoi.edu/mvco/IFCB5_2012_009_212600_05553.png,
,Flagellates,Pyramimonas,https://ifcb-data.whoi.edu/mvco/IFCB5_2012_009_212600_05627.png,
,Flagellates,Pyramimonas,https://ifcb-data.whoi.edu/mvco/IFCB5_2012_009_212600_05778.png,
,Flagellates,Pyramimonas,https://ifcb-data.whoi.edu/mvco/IFCB5_2012_066_181129_00078.png,
,Flagellates,Pyramimonas,https://ifcb-data.whoi.edu/mvco/IFCB5_2012_066_181129_00093.png,
,Flagellates,Pyramimonas longicauda,https://ifcb-data.whoi.edu/mvco/IFCB5_2010_270_195832_03535.png,
1,Flagellates,Pyramimonas longicauda,https://ifcb-data.whoi.edu/mvco/IFCB5_2010_240_184725_00680.png,
,Flagellates,Pyramimonas longicauda,https://ifcb-data.whoi.edu/mvco/IFCB5_2010_240_191049_00587.png,
,Flagellates,Pyramimonas morphotype1,https://ifcb-data.whoi.edu/mvco/IFCB5_2013_184_215723_07399.png,
,Flagellates,Pyramimonas morphotype1,https://ifcb-data.whoi.edu/mvco/IFCB5_2016_309_193001_03749.png,
,Flagellates,Pyramimonas morphotype1,https://ifcb-data.whoi.edu/mvco/IFCB5_2017_214_191404_01102.png,
1,Miscellaneous,Radiozoa,https://ifcb-data.whoi.edu/mvco/IFCB5_2016_230_171538_04645.png,
,Miscellaneous,Radiozoa,https://ifcb-data.whoi.edu/mvco/IFCB5_2017_250_115338_09020.png,
,Miscellaneous,Radiozoa,https://ifcb-data.whoi.edu/mvco/IFCB5_2017_244_201915_03732.png,
,Diatoms,Raphoneis,https://ifcb-data.whoi.edu/mvco/IFCB1_2011_240_162844_01970.png,
,Diatoms,Raphoneis,https://ifcb-data.whoi.edu/mvco/IFCB1_2011_240_193426_00651.png,
,Diatoms,Raphoneis,https://ifcb-data.whoi.edu/mvco/IFCB1_2012_326_160928_00949.png,
1,Diatoms,Raphoneis,https://ifcb-data.whoi.edu/mvco/IFCB5_2011_326_184000_00506.png,
,Diatoms,Raphoneis,https://ifcb-data.whoi.edu/mvco/IFCB1_2012_319_112505_01119.png,
,Diatoms,Raphoneis,https://ifcb-data.whoi.edu/mvco/IFCB1_2012_319_110152_00342.png,
,Diatoms,Raphoneis,https://ifcb-data.whoi.edu/mvco/IFCB1_2012_364_071203_01325.png,
1,Coccolithophore,Rhabdosphaera,https://ifcb-data.whoi.edu/SPIROPA/D20190708T160217_IFCB129_00551.png,
,Coccolithophore,Rhabdosphaera,https://ifcb-data.whoi.edu/SPIROPA/D20190714T150853_IFCB109_00842.png,
,Coccolithophore,Rhabdosphaera,https://ifcb-data.whoi.edu/SPIROPA/D20190718T010723_IFCB129_01342.png,
,Coccolithophore,Rhabdosphaera,https://ifcb-data.whoi.edu/SPIROPA/D20190708T170239_IFCB129_00077.png,
,Diatoms,Rhizosolenia,https://ifcb-data.whoi.edu/mvco/IFCB5_2012_035_180436_01736.png,
1,Diatoms,Rhizosolenia,https://ifcb-data.whoi.edu/mvco/IFCB5_2012_104_061830_00060.png,
,Diatoms,Rhizosolenia,https://ifcb-data.whoi.edu/mvco/IFCB5_2012_066_150552_03888.png,
,Diatoms,Rhizosolenia,https://ifcb-data.whoi.edu/mvco/IFCB1_2009_158_182808_02228.png,
,Diatoms,Rhizosolenia,https://ifcb-data.whoi.edu/mvco/IFCB5_2012_009_214911_01163.png,
,Diatoms,Rhizosolenia,https://ifcb-data.whoi.edu/mvco/IFCB5_2015_015_055550_00086.png,
,Diatoms,Rhizosolenia,https://ifcb-data.whoi.edu/mvco/IFCB1_2009_030_163951_00654.png,
,Diatoms,Rhizosolenia,https://ifcb-data.whoi.edu/mvco/IFCB1_2009_015_164915_01843.png,
,Diatoms,Rhizosolenia,https://ifcb-data.whoi.edu/mvco/IFCB5_2016_293_134038_03888.png,
,Miscellaneous,Richelia                                   ,https://ifcb-data.whoi.edu/NESLTER_transect/D20190821T052655_IFCB109_01116.png,
1,Dinoflagellates,Scrippsiella                               ,https://ifcb-data.whoi.edu/NESLTER_transect/D20190419T105125_IFCB127_00353.png,
,Diatoms,Skeletonema,https://ifcb-data.whoi.edu/mvco/IFCB5_2014_353_202828_06552.png,
,Diatoms,Skeletonema,https://ifcb-data.whoi.edu/mvco/IFCB5_2015_051_192856_02877.png,
1,Diatoms,Skeletonema,https://ifcb-data.whoi.edu/mvco/IFCB5_2014_016_195725_00377.png,
1,Dinoflagellates,Spatulodinium,https://ifcb-data.whoi.edu/mvco/IFCB5_2010_235_012621_01618.png,
,Miscellaneous,spore,https://ifcb-data.whoi.edu/mvco/IFCB1_2012_288_233341_00478.png,
,Miscellaneous,spore,https://ifcb-data.whoi.edu/mvco/D20170526T132037_IFCB010_04848.png,
,Miscellaneous,spore,https://ifcb-data.whoi.edu/mvco/IFCB5_2010_345_122401_03881.png,
1,Miscellaneous,spore,https://ifcb-data.whoi.edu/mvco/IFCB5_2016_238_173033_02096.png,
,Miscellaneous,spore,https://ifcb-data.whoi.edu/mvco/IFCB5_2016_239_092800_05484.png,
,Miscellaneous,spore,https://ifcb-data.whoi.edu/mvco/IFCB5_2016_238_162053_05052.png,
,Miscellaneous,spore,https://ifcb-data.whoi.edu/mvco/IFCB5_2016_238_162053_02219.png,
,Miscellaneous,spore,https://ifcb-data.whoi.edu/mvco/IFCB5_2016_238_153401_03927.png,
,Miscellaneous,spore,https://ifcb-data.whoi.edu/mvco/IFCB5_2016_238_125134_04688.png,
,Miscellaneous,spore,https://ifcb-data.whoi.edu/mvco/IFCB1_2012_350_065434_00626.png,
,Miscellaneous,spore,https://ifcb-data.whoi.edu/mvco/IFCB1_2010_224_164900_00192.png,
,Miscellaneous,spore,https://ifcb-data.whoi.edu/mvco/IFCB1_2010_224_164900_00499.png,
,Miscellaneous,spore,https://ifcb-data.whoi.edu/mvco/IFCB1_2010_225_162819_06804.png,
,Miscellaneous,spore,https://ifcb-data.whoi.edu/mvco/IFCB1_2008_001_234058_00427.png,
,Miscellaneous,spore,https://ifcb-data.whoi.edu/mvco/IFCB1_2010_225_105359_01462.png,
,Miscellaneous,spore,https://ifcb-data.whoi.edu/mvco/IFCB5_2012_192_180257_07047.png,
,Miscellaneous,spore,https://ifcb-data.whoi.edu/mvco/IFCB5_2012_192_182636_03701.png,
,Miscellaneous,spore,https://ifcb-data.whoi.edu/mvco/IFCB5_2012_192_171632_02400.png,
,Miscellaneous,spore,https://ifcb-data.whoi.edu/mvco/IFCB1_2009_228_000456_01965.png,
,Miscellaneous,spore,https://ifcb-data.whoi.edu/mvco/IFCB1_2012_269_073846_00330.png,
,Miscellaneous,spore,https://ifcb-data.whoi.edu/mvco/IFCB1_2007_283_000358_01589.png,
,Miscellaneous,spore,https://ifcb-data.whoi.edu/mvco/IFCB1_2007_283_004729_03372.png,
,Miscellaneous,spore,https://ifcb-data.whoi.edu/mvco/IFCB1_2007_284_173836_04832.png,
,Miscellaneous,spore,https://ifcb-data.whoi.edu/mvco/IFCB1_2007_285_162212_00117.png,
,Miscellaneous,spore,https://ifcb-data.whoi.edu/mvco/IFCB1_2007_285_170541_00947.png,
,Miscellaneous,spore,https://ifcb-data.whoi.edu/mvco/IFCB1_2007_285_172724_04375.png,
,Miscellaneous,spore,https://ifcb-data.whoi.edu/mvco/IFCB1_2007_285_181053_02209.png,
,Miscellaneous,spore,https://ifcb-data.whoi.edu/mvco/IFCB1_2007_285_185423_05444.png,
,Miscellaneous,spore,https://ifcb-data.whoi.edu/mvco/IFCB1_2008_225_183029_03840.png,
,Miscellaneous,spore,https://ifcb-data.whoi.edu/mvco/IFCB1_2008_225_185341_00069.png,
,Miscellaneous,spore,https://ifcb-data.whoi.edu/mvco/IFCB1_2008_225_191657_00023.png,
,Miscellaneous,spore,https://ifcb-data.whoi.edu/mvco/IFCB1_2009_228_000456_01965.png,
,Miscellaneous,spore,https://ifcb-data.whoi.edu/mvco/IFCB1_2009_270_170343_04002.png,
,Miscellaneous,spore,https://ifcb-data.whoi.edu/mvco/IFCB1_2009_276_125258_02089.png,
,Miscellaneous,spore,https://ifcb-data.whoi.edu/mvco/IFCB1_2009_276_222714_06793.png,
,Miscellaneous,spore,https://ifcb-data.whoi.edu/mvco/IFCB1_2009_341_004829_00645.png,
,Miscellaneous,spore,https://ifcb-data.whoi.edu/mvco/IFCB1_2010_210_170841_00464.png,
,Miscellaneous,spore,https://ifcb-data.whoi.edu/mvco/IFCB5_2010_255_160209_01247.png,
,Miscellaneous,spore,https://ifcb-data.whoi.edu/mvco/IFCB5_2010_255_164829_03275.png,
,Miscellaneous,spore,https://ifcb-data.whoi.edu/mvco/IFCB5_2010_255_182131_02813.png,
,Miscellaneous,spore,https://ifcb-data.whoi.edu/mvco/IFCB5_2010_270_162937_00718.png,
,Miscellaneous,spore,https://ifcb-data.whoi.edu/mvco/IFCB5_2010_360_171224_02208.png,
,Miscellaneous,spore,https://ifcb-data.whoi.edu/mvco/IFCB1_2011_240_180133_02541.png,
,Miscellaneous,spore,https://ifcb-data.whoi.edu/mvco/IFCB1_2011_244_163915_00621.png,
,Miscellaneous,spore,https://ifcb-data.whoi.edu/mvco/IFCB5_2011_326_164359_06135.png,
,Miscellaneous,spore,https://ifcb-data.whoi.edu/mvco/IFCB5_2011_326_181649_06566.png,
,Miscellaneous,spore,https://ifcb-data.whoi.edu/mvco/IFCB5_2012_009_170523_01580.png,
,Miscellaneous,spore,https://ifcb-data.whoi.edu/mvco/IFCB1_2011_285_181905_00202.png,
,Miscellaneous,spore,https://ifcb-data.whoi.edu/mvco/IFCB5_2011_051_192947_02332.png,
,Miscellaneous,spore,https://ifcb-data.whoi.edu/mvco/IFCB5_2012_213_124913_01230.png,
,Miscellaneous,spore,https://ifcb-data.whoi.edu/mvco/IFCB1_2008_318_195140_05225.png,
,Miscellaneous,spore,https://ifcb-data.whoi.edu/mvco/IFCB1_2014_295_183436_03638.png,
,Miscellaneous,spore,https://ifcb-data.whoi.edu/mvco/IFCB5_2016_222_160220_03373.png,
,Diatoms,square unknown,https://ifcb-data.whoi.edu/mvco/IFCB1_2008_318_190514_02920.png,
,Diatoms,square unknown,https://ifcb-data.whoi.edu/mvco/IFCB5_2011_326_201250_01989.png,
1,Ciliates,Stenosemella pacifica,https://ifcb-data.whoi.edu/mvco/IFCB5_2016_045_031154_00526.png,
,Ciliates,Stenosemella pacifica,https://ifcb-data.whoi.edu/mvco/IFCB1_2016_077_230522_00609.png,
,Ciliates,Stenosemella pacifica,https://ifcb-data.whoi.edu/mvco/IFCB1_2016_077_165356_00558.png,
,Ciliates,Stenosemella pacifica,https://ifcb-data.whoi.edu/mvco/IFCB5_2012_046_181222_01325.png,
1,Ciliates,Stenosemella sp1,https://ifcb-data.whoi.edu/mvco/IFCB1_2006_354_193915_00227.png,
,Ciliates,Stenosemella sp1,https://ifcb-data.whoi.edu/mvco/IFCB1_2006_309_001656_00059.png,
1,Diatoms,Stephanopyxis,https://ifcb-data.whoi.edu/mvco/IFCB1_2010_060_162323_01988.png,
,Diatoms,Stephanopyxis,https://ifcb-data.whoi.edu/mvco/IFCB5_2011_054_123500_00947.png,
,Diatoms,Stephanopyxis,https://ifcb-data.whoi.edu/mvco/IFCB1_2007_061_175107_01039.png,
,Diatoms,Stephanopyxis,https://ifcb-data.whoi.edu/mvco/IFCB1_2006_300_184306_00437.png,
,Diatoms,Stephanopyxis,https://ifcb-data.whoi.edu/mvco/IFCB5_2013_331_175732_03387.png,
1,Diatoms,Striatella unipunctata,https://ifcb-data.whoi.edu/mvco/IFCB1_2007_183_103516_00155.png,
1,Ciliates,Strobilidium morphotype1,https://ifcb-data.whoi.edu/mvco/IFCB1_2006_361_023527_01516.png,
,Ciliates,Strobilidium morphotype1,https://ifcb-data.whoi.edu/mvco/IFCB1_2007_347_025322_00794.png,
,Ciliates,Strobilidium morphotype1,https://ifcb-data.whoi.edu/mvco/IFCB1_2008_200_025608_04500.png,
,Ciliates,Strobilidium morphotype1,https://ifcb-data.whoi.edu/mvco/IFCB1_2006_280_021317_04025.png,
,Ciliates,Strobilidium morphotype1,https://ifcb-data.whoi.edu/mvco/IFCB1_2006_280_023501_00256.png,
,Ciliates,Strobilidium morphotype1,https://ifcb-data.whoi.edu/mvco/IFCB1_2008_061_175353_00629.png,
,Ciliates,Strobilidium morphotype1,https://ifcb-data.whoi.edu/mvco/IFCB1_2010_090_182410_00728.png,
,Ciliates,Strobilidium morphotype1,https://ifcb-data.whoi.edu/mvco/IFCB1_2010_090_182410_02029.png,
1,Ciliates,Strombidium capitatum,https://ifcb-data.whoi.edu/mvco/IFCB1_2007_129_002550_00101.png,
,Ciliates,Strombidium capitatum,https://ifcb-data.whoi.edu/mvco/IFCB1_2007_129_002550_00265.png,
1,Ciliates,Strombidium conicum,https://ifcb-data.whoi.edu/mvco/IFCB1_2006_272_000827_02872.png,
,Ciliates,Strombidium conicum,https://ifcb-data.whoi.edu/mvco/IFCB1_2006_272_021853_00306.png,
,Ciliates,Strombidium conicum,https://ifcb-data.whoi.edu/mvco/IFCB1_2006_272_013525_02073.png,
,Ciliates,Strombidium conicum,https://ifcb-data.whoi.edu/mvco/IFCB1_2008_236_000420_01227.png,
,Ciliates,Strombidium inclinatum,https://ifcb-data.whoi.edu/mvco/IFCB1_2008_218_025824_03962.png,
1,Ciliates,Strombidium inclinatum,https://ifcb-data.whoi.edu/mvco/IFCB1_2007_183_013042_01843.png,
1,Ciliates,Strombidium morphotype1,https://ifcb-data.whoi.edu/mvco/IFCB1_2008_006_023502_00843.png,
,Ciliates,Strombidium morphotype1,https://ifcb-data.whoi.edu/mvco/IFCB1_2008_319_020306_00313.png,
,Ciliates,Strombidium morphotype1,https://ifcb-data.whoi.edu/mvco/IFCB1_2008_200_001337_00224.png,
,Ciliates,Strombidium morphotype2,https://ifcb-data.whoi.edu/mvco/IFCB1_2006_295_013503_01009.png,
1,Ciliates,Strombidium morphotype2,https://ifcb-data.whoi.edu/mvco/IFCB1_2007_089_021451_02484.png,
1,Ciliates,Strombidium oculatum,https://ifcb-data.whoi.edu/mvco/IFCB1_2008_319_024932_03187.png,
,Ciliates,Strombidium oculatum,https://ifcb-data.whoi.edu/mvco/IFCB1_2008_001_024805_01269.png,
,Ciliates,Strombidium oculatum,https://ifcb-data.whoi.edu/mvco/IFCB1_2006_272_015709_01532.png,
1,Ciliates,Strombidium wulffi,https://ifcb-data.whoi.edu/mvco/IFCB1_2008_200_001337_01125.png,
1,Ciliates,Suctoria,https://ifcb-data.whoi.edu/mvco/IFCB1_2010_030_195852_01648.png,
,Coccolithophore,Syracosphaera pulchra,https://ifcb-data.whoi.edu/mvco/IFCB5_2010_255_184439_01705.png,
1,Coccolithophore,Syracosphaera pulchra,https://ifcb-data.whoi.edu/mvco/IFCB5_2010_255_190756_04230.png,
,Coccolithophore,Syracosphaera pulchra,https://ifcb-data.whoi.edu/mvco/IFCB5_2010_270_193519_01521.png,
,Diatoms,Thalassionema,https://ifcb-data.whoi.edu/mvco/IFCB5_2017_011_172727_01945.png,
,Diatoms,Thalassionema,https://ifcb-data.whoi.edu/mvco/IFCB5_2011_051_232156_04694.png,
1,Diatoms,Thalassionema,https://ifcb-data.whoi.edu/mvco/IFCB5_2012_022_133752_03029.png,
,Diatoms,Thalassionema,https://ifcb-data.whoi.edu/mvco/IFCB5_2012_023_044802_02591.png,
,Diatoms,Thalassionema,https://ifcb-data.whoi.edu/mvco/IFCB5_2012_023_145120_03135.png,
,Diatoms,Thalassionema,https://ifcb-data.whoi.edu/mvco/IFCB1_2007_092_074203_01167.png,
,Diatoms,Thalassionema,https://ifcb-data.whoi.edu/mvco/IFCB5_2012_045_140036_00513.png,
1,Diatoms,Thalassiosira,https://ifcb-data.whoi.edu/mvco/IFCB1_2010_031_230500_01769.png,
,Diatoms,Thalassiosira,https://ifcb-data.whoi.edu/mvco/IFCB5_2012_040_114715_01289.png,
,Diatoms,Thalassiosira,https://ifcb-data.whoi.edu/mvco/IFCB1_2009_067_180909_02941.png,
,Diatoms,Thalassiosira sp aff mala,https://ifcb-data.whoi.edu/mvco/D20181120T202552_IFCB010_00536.png,
,Diatoms,Thalassiosira sp aff mala,https://ifcb-data.whoi.edu/mvco/D20181120T202552_IFCB010_01550.png,
,Diatoms,Thalassiosira sp aff mala,https://ifcb-data.whoi.edu/mvco/D20181120T202552_IFCB010_02929.png,
,Diatoms,Thalassiosira sp aff mala,https://ifcb-data.whoi.edu/NESLTER_broadscale/D20141116T041709_IFCB102_02845.png,
,Plankton interactions,Thalassiosira with detritus,https://ifcb-data.whoi.edu/mvco/IFCB5_2014_341_025413_01532.png,
1,Plankton interactions,Thalassiosira with detritus,https://ifcb-data.whoi.edu/mvco/IFCB5_2015_025_022802_01216.png,
1,Diatoms,Thalassiosira rotula,https://ifcb-data.whoi.edu/mvco/IFCB1_2007_045_005405_00001.png,
,Diatoms,Thalassiosira rotula,https://ifcb-data.whoi.edu/mvco/IFCB1_2010_031_230500_01769.png,
,Diatoms,Thalassiosira rotula,https://ifcb-data.whoi.edu/mvco/IFCB1_2012_269_082508_00435.png,
,Ciliates,Tiarina fusus,https://ifcb-data.whoi.edu/mvco/IFCB1_2007_326_031622_00692.png,
1,Ciliates,Tiarina fusus,https://ifcb-data.whoi.edu/mvco/IFCB1_2008_319_005351_00205.png,
,Ciliates,Tintinnida                                 ,https://ifcb-data.whoi.edu/mvco/IFCB5_2012_044_094726_02503.png,
,Ciliates,Tintinnidium mucicola,https://ifcb-data.whoi.edu/mvco/IFCB5_2017_290_193655_02242.png,
1,Ciliates,Tintinnidium mucicola,https://ifcb-data.whoi.edu/mvco/IFCB1_2012_282_203258_00523.png,
,Ciliates,Tintinnidium mucicola,https://ifcb-data.whoi.edu/mvco/IFCB1_2007_045_135748_00189.png,
,Ciliates,Tintinnidium mucicola,https://ifcb-data.whoi.edu/mvco/IFCB5_2015_305_052557_04269.png,
,Ciliates,Tintinnopsis,https://ifcb-data.whoi.edu/mvco/IFCB5_2012_044_094726_02503.png,
1,Ciliates,Tintinnopsis,https://ifcb-data.whoi.edu/mvco/IFCB1_2008_114_060422_05422.png,
,Ciliates,Tintinnopsis,https://ifcb-data.whoi.edu/mvco/IFCB1_2016_064_151621_00030.png,
,Ciliates,Tintinnopsis,https://ifcb-data.whoi.edu/mvco/IFCB5_2016_045_034913_00208.png,
,Ciliates,Tintinnopsis,https://ifcb-data.whoi.edu/mvco/IFCB1_2008_213_194911_03320.png,
,Ciliates,Tintinnopsis,https://ifcb-data.whoi.edu/mvco/IFCB5_2016_162_195655_06138.png,
1,Ciliates,Tontonia appendiculariformis,https://ifcb-data.whoi.edu/mvco/IFCB1_2011_240_171508_04987.png,
,Ciliates,Tontonia appendiculariformis,https://ifcb-data.whoi.edu/mvco/IFCB5_2013_067_230254_00318.png,
,Ciliates,Tontonia appendiculariformis,https://ifcb-data.whoi.edu/mvco/IFCB5_2015_323_165219_03858.png,
,Ciliates,Tontonia appendiculariformis,https://ifcb-data.whoi.edu/mvco/IFCB1_2006_280_015132_03548.png,
,Ciliates,Tontonia appendiculariformis,https://ifcb-data.whoi.edu/mvco/IFCB1_2006_272_024038_00484.png,
,Ciliates,Tontonia gracillima,https://ifcb-data.whoi.edu/mvco/IFCB1_2008_043_185649_01056.png,
1,Ciliates,Tontonia gracillima,https://ifcb-data.whoi.edu/mvco/IFCB1_2009_135_182511_02294.png,
,Ciliates,Tontonia gracillima,https://ifcb-data.whoi.edu/mvco/IFCB1_2009_045_171409_00149.png,
,Miscellaneous,Radiozoa,https://ifcb-data.whoi.edu/mvco/IFCB1_2012_263_171700_02914.png,
,Miscellaneous,unidentified,https://ifcb-data.whoi.edu/mvco/IFCB1_2009_345_191740_00744.png,
,Miscellaneous,unidentified,https://ifcb-data.whoi.edu/mvco/IFCB1_2012_269_045556_00426.png,
,Miscellaneous,unidentified,https://ifcb-data.whoi.edu/mvco/IFCB1_2010_219_003244_02623.png,
,Miscellaneous,unidentified,https://ifcb-data.whoi.edu/mvco/IFCB1_2011_270_193351_02042.png,
,Miscellaneous,unidentified,https://ifcb-data.whoi.edu/mvco/IFCB1_2012_292_173344_00399.png,
,Miscellaneous,unidentified,https://ifcb-data.whoi.edu/mvco/IFCB5_2011_096_093323_00409.png,
,Miscellaneous,unidentified,https://ifcb-data.whoi.edu/mvco/IFCB5_2012_087_143954_00624.png,
,Miscellaneous,unidentified,https://ifcb-data.whoi.edu/mvco/IFCB5_2012_027_135036_00497.png,
,Miscellaneous,unidentified,https://ifcb-data.whoi.edu/mvco/IFCB1_2007_134_212757_00339.png,
,Miscellaneous,unidentified,https://ifcb-data.whoi.edu/mvco/IFCB5_2013_129_100159_03411.png,
,Miscellaneous,unidentified,https://ifcb-data.whoi.edu/mvco/IFCB1_2012_288_114022_00091.png,
,Miscellaneous,unidentified,https://ifcb-data.whoi.edu/mvco/IFCB1_2012_284_132015_00470.png,
1,Miscellaneous,unknown2,https://ifcb-data.whoi.edu/NESLTER_transect/D20190708T191939_IFCB129_02939.png,
,Miscellaneous,unknown2,https://ifcb-data.whoi.edu/NESLTER_transect/D20190708T191939_IFCB129_04999.png,
,Miscellaneous,unknown2,https://ifcb-data.whoi.edu/NESLTER_transect/D20190708T200752_IFCB129_01259.png,
1,Dinoflagellates,unknown3 squiggle,https://ifcb-data.whoi.edu/EXPORTS/D20180814T040542_IFCB125_00791.png,
,Dinoflagellates,unknown3 squiggle,https://ifcb-data.whoi.edu/EXPORTS/D20180814T040542_IFCB125_00809.png,
,Dinoflagellates,unknown3 squiggle,https://ifcb-data.whoi.edu/EXPORTS/D20180814T040542_IFCB125_01148.png,
,Dinoflagellates,unknown3 squiggle,https://ifcb-data.whoi.edu/EXPORTS/D20180814T040542_IFCB125_01281.png,
,Dinoflagellates,unknown3 squiggle,https://ifcb-data.whoi.edu/EXPORTS/D20180814T040542_IFCB125_01204.png,
1,Flagellates,Vicicitus globosus,https://ifcb-data.whoi.edu/mvco/IFCB1_2012_282_200950_00403.png,
,Flagellates,Vicicitus globosus,https://ifcb-data.whoi.edu/mvco/IFCB1_2009_294_154206_01743.png,
,Flagellates,Vicicitus globosus,https://ifcb-data.whoi.edu/mvco/IFCB1_2010_306_201258_04885.png,
,Flagellates,Vicicitus globosus,https://ifcb-data.whoi.edu/mvco/IFCB1_2012_276_170035_01056.png,
,Flagellates,Vicicitus globosus,https://ifcb-data.whoi.edu/mvco/IFCB1_2012_276_163723_00422.png,
,Flagellates,Vicicitus globosus,https://ifcb-data.whoi.edu/mvco/IFCB1_2012_276_163723_00077.png,
1,Dinoflagellates,Warnowia,https://ifcb-data.whoi.edu/SPIROPA/D20190706T110535_IFCB129_02443.png,
,Dinoflagellates,Warnowia,https://ifcb-data.whoi.edu/SPIROPA/D20190706T174512_IFCB129_02516.png,
,Dinoflagellates,Warnowia,https://ifcb-data.whoi.edu/SPIROPA/D20190708T175329_IFCB109_00438.png,
,Dinoflagellates,Warnowia,https://ifcb-data.whoi.edu/SPIROPA/D20190717T155730_IFCB129_02524.png,
,Miscellaneous,zooplankton,https://ifcb-data.whoi.edu/mvco/IFCB1_2012_262_204402_00154.png,
,Miscellaneous,zooplankton,https://ifcb-data.whoi.edu/mvco/IFCB5_2012_044_050858_02008.png,
,Miscellaneous,zooplankton,https://ifcb-data.whoi.edu/mvco/IFCB5_2011_321_222920_03425.png,
,Miscellaneous,zooplankton,https://ifcb-data.whoi.edu/mvco/IFCB1_2007_151_193207_01152.png,
1,Miscellaneous,zooplankton,https://ifcb-data.whoi.edu/mvco/IFCB5_2011_208_191537_01078.png,
,Miscellaneous,zooplankton,https://ifcb-data.whoi.edu/mvco/IFCB1_2009_328_225810_09988.png,
,Miscellaneous,zooplankton,https://ifcb-data.whoi.edu/mvco/IFCB5_2012_048_195339_00494.png,
,Miscellaneous,zooplankton,https://ifcb-data.whoi.edu/mvco/IFCB1_2008_132_064222_00095.png,
,Miscellaneous,zooplankton,https://ifcb-data.whoi.edu/mvco/IFCB5_2012_076_112403_05769.png,
,Miscellaneous,zooplankton,https://ifcb-data.whoi.edu/mvco/IFCB1_2012_283_091831_00430.png,
,Miscellaneous,zooplankton,https://ifcb-data.whoi.edu/mvco/IFCB1_2012_283_091831_00431.png,
,Miscellaneous,zooplankton,https://ifcb-data.whoi.edu/mvco/IFCB1_2012_283_111435_00018.png,
,Miscellaneous,zooplankton,https://ifcb-data.whoi.edu/mvco/IFCB1_2012_283_131013_00402.png,
,Miscellaneous,zooplankton,https://ifcb-data.whoi.edu/mvco/IFCB1_2012_283_133349_00596.png,
,Miscellaneous,zooplankton,https://ifcb-data.whoi.edu/mvco/IFCB1_2012_284_102041_00087.png,
,Plankton interactions,other,https://ifcb-data.whoi.edu/mvco/IFCB5_2015_322_134515_10152.png,
,Plankton interactions,other,https://ifcb-data.whoi.edu/mvco/IFCB1_2014_267_143045_02456.png,
,Plankton interactions,other,https://ifcb-data.whoi.edu/mvco/IFCB5_2011_338_103123_04577.png,
,Plankton interactions,other,https://ifcb-data.whoi.edu/mvco/IFCB1_2007_045_043118_00066.png,
,Plankton interactions,other,https://ifcb-data.whoi.edu/mvco/IFCB5_2011_041_033357_01792.png,
,Plankton interactions,other,https://ifcb-data.whoi.edu/mvco/IFCB1_2007_343_211257_02791.png,
,Plankton interactions,other,https://ifcb-data.whoi.edu/mvco/IFCB1_2010_036_181442_00595.png,
,Plankton interactions,other,https://ifcb-data.whoi.edu/mvco/IFCB1_2010_036_183757_03727.png,
,Plankton interactions,other,https://ifcb-data.whoi.edu/mvco/IFCB5_2012_039_204218_00815.png,
,Plankton interactions,other,https://ifcb-data.whoi.edu/mvco/IFCB1_2008_235_205819_00728.png,
,Plankton interactions,other,https://ifcb-data.whoi.edu/mvco/IFCB5_2011_180_182522_01830.png,
,Plankton interactions,other,https://ifcb-data.whoi.edu/mvco/IFCB1_2007_101_002642_00541.png,
,Plankton interactions,other,https://ifcb-data.whoi.edu/mvco/IFCB1_2012_284_040928_00482.png,
,Plankton interactions,other,https://ifcb-data.whoi.edu/mvco/IFCB1_2007_309_183421_02391.png,
,Plankton interactions,other,https://ifcb-data.whoi.edu/mvco/IFCB5_2014_041_135916_00871.png,
,Plankton interactions,other,https://ifcb-data.whoi.edu/mvco/IFCB5_2015_352_183824_00220.png,
,Plankton interactions,other,https://ifcb-data.whoi.edu/mvco/IFCB1_2007_347_004316_00879.png,
,Plankton interactions,other,https://ifcb-data.whoi.edu/mvco/IFCB5_2011_030_183419_01721.png,
,Plankton interactions,other,https://ifcb-data.whoi.edu/mvco/IFCB5_2011_030_183419_00487.png,
,Plankton interactions,other,https://ifcb-data.whoi.edu/mvco/IFCB5_2011_030_172440_01292.png,
,Plankton interactions,other,https://ifcb-data.whoi.edu/mvco/IFCB5_2011_063_212045_01338.png,
,Plankton interactions,other,https://ifcb-data.whoi.edu/mvco/IFCB1_2012_288_092107_00488.png,
,Plankton interactions,other,https://ifcb-data.whoi.edu/mvco/IFCB1_2009_294_154206_02276.png,
,Plankton interactions,other,https://ifcb-data.whoi.edu/mvco/IFCB1_2010_034_140026_04536.png,
,Plankton interactions,other,https://ifcb-data.whoi.edu/mvco/IFCB1_2010_045_162708_01622.png,
,Plankton interactions,other,https://ifcb-data.whoi.edu/mvco/IFCB1_2010_045_193252_01852.png,
,Plankton interactions,other,https://ifcb-data.whoi.edu/mvco/IFCB5_2011_135_173436_00309.png,
,Plankton interactions,other,https://ifcb-data.whoi.edu/mvco/IFCB1_2011_279_215203_00756.png,
,Plankton interactions,other,https://ifcb-data.whoi.edu/mvco/IFCB1_2011_285_190529_01894.png,
,Plankton interactions,other,https://ifcb-data.whoi.edu/mvco/IFCB5_2011_326_194937_10783.png,
,Plankton interactions,other,https://ifcb-data.whoi.edu/mvco/IFCB5_2011_330_195348_03921.png,
,Plankton interactions,other,https://ifcb-data.whoi.edu/mvco/IFCB5_2011_330_160747_01856.png,
,Plankton interactions,other,https://ifcb-data.whoi.edu/mvco/IFCB5_2012_107_185435_00457.png,
,Plankton interactions,other,https://ifcb-data.whoi.edu/mvco/IFCB1_2012_263_230454_02320.png,
,Plankton interactions,other,https://ifcb-data.whoi.edu/IFCB14_Dock/D20160504T174914_IFCB014_00412.png,
